employee_id;area;rol;edad;sexo;tipo_contrato;jornada;horas_totales_mes;horas_extra_mes;turnos_nocturnos_mes;dias_ausentes_mes;pausas_recomendadas_mes;pausas_realizadas_mes;estres_autoreportado_1a10;satisfaccion_autoreportada_1a10;apoyo_jefatura_1a10;categoria_riesgo_burnout;BurnoutIndex_NEW
E0001;Enfermería Hospitalizados;Enfermera;36;M;Full time;Diurna;162;18.0;1;0.0;20.0;11.0;5.0;3;8.0;Bajo;31.3
E0002;UCI;Médico;49;M;Full time;Diurna;145;29.0;5;2.0;20.0;12.0;8.0;5;5.0;Medio;49.5
E0003;Servicios Generales;Operario;30;F;Full time;Diurna;169;21.0;2;2.0;20.0;9.0;5.0;6;9.0;Bajo;35.7
E0004;UCI;TENS;50;M;Part time;Rotativa;102;25.0;2;0.0;20.0;13.0;7.0;3;4.0;Medio;42.8
E0005;Consultas Ambulatorias;Médico;50;M;Full time;Rotativa;153;10.0;2;3.0;20.0;10.0;6.0;7;8.0;Bajo;34.1
E0006;Enfermería Hospitalizados;TENS;44;M;Full time;Nocturna;164;1.0;3;1.0;20.0;15.0;7.0;5;5.0;Bajo;28.7
E0007;Urgencias;Médico;36;F;Full time;Diurna;159;25.0;11;3.0;20.0;11.0;6.0;3;6.0;Medio;42.8
E0008;Servicios Generales;Supervisor;43;M;Full time;Diurna;158;6.0;2;0.0;20.0;12.0;7.0;6;5.0;Bajo;33.2
E0009;Servicios Generales;Auxiliar;48;F;Part time;Rotativa;100;10.0;0;1.0;20.0;12.0;5.0;6;7.0;Bajo;28.4
E0010;Consultas Ambulatorias;Médico;33;F;Full time;Diurna;160;17.0;0;2.0;20.0;13.0;4.0;8;8.0;Bajo;28.1
E0011;UCI;Médico;59;F;Full time;Nocturna;151;18.0;4;3.0;20.0;18.0;9.0;6;5.0;Medio;41.8
E0012;UCI;Médico;54;F;Full time;Rotativa;171;24.0;6;0.0;20.0;4.0;8.0;3;6.0;Medio;51.9
E0013;Servicios Generales;Operario;33;F;Part time;Diurna;109;5.0;3;2.0;20.0;17.0;6.0;7;8.0;Bajo;23.6
E0014;Consultas Ambulatorias;Administrativo;46;M;Full time;Diurna;178;9.0;0;3.0;20.0;10.0;7.0;8;5.0;Bajo;39.7
E0015;Administración;Jefatura;24;M;Full time;Diurna;146;4.0;1;1.0;20.0;18.0;7.0;10;7.0;Bajo;25.0
E0016;Consultas Ambulatorias;Médico;40;F;Part time;Diurna;99;8.0;1;1.0;20.0;16.0;3.0;7;7.0;Bajo;17.9
E0017;Urgencias;Enfermera;42;F;Full time;Diurna;146;5.0;2;4.0;20.0;5.0;6.0;7;5.0;Medio;40.9
E0018;Urgencias;TENS;60;F;Part time;Rotativa;105;48.0;7;4.0;20.0;14.0;8.0;5;7.0;Medio;56.8
E0019;Enfermería Hospitalizados;TENS;53;F;Full time;Diurna;142;14.0;2;2.0;20.0;10.0;5.0;9;7.0;Bajo;33.4
E0020;UCI;Enfermera;60;F;Full time;Nocturna;181;23.0;0;2.0;20.0;6.0;9.0;4;5.0;Medio;55.3
E0021;Urgencias;Enfermera;44;F;Full time;Diurna;158;24.0;5;1.0;20.0;11.0;10.0;4;8.0;Medio;49.2
E0022;Administración;Jefatura;33;F;Full time;Diurna;153;6.0;0;0.0;20.0;11.0;8.0;10;6.0;Bajo;35.9
E0023;Urgencias;TENS;26;M;Full time;Diurna;160;24.0;11;2.0;20.0;12.0;8.0;7;6.0;Medio;45.9
E0024;Administración;Jefatura;54;F;Full time;Rotativa;164;7.0;0;2.0;20.0;17.0;5.0;6;6.0;Bajo;24.1
E0025;Administración;Analista;32;M;Part time;Rotativa;91;5.0;1;3.0;20.0;13.0;6.0;8;6.0;Bajo;30.8
E0026;Enfermería Hospitalizados;TENS;53;M;Full time;Rotativa;155;13.0;3;3.0;20.0;11.0;7.0;6;8.0;Bajo;37.4
E0027;Urgencias;Enfermera;40;F;Full time;Rotativa;160;22.0;3;6.0;20.0;4.0;6.0;7;7.0;Medio;50.2
E0028;Imagenología;Tecnólogo Médico;60;F;Full time;Diurna;139;22.0;2;3.0;20.0;16.0;8.0;6;7.0;Medio;40.8
E0029;Imagenología;TENS;23;F;Full time;Rotativa;145;3.0;1;1.0;20.0;15.0;8.0;8;6.0;Bajo;31.4
E0030;Urgencias;Médico;34;F;Full time;Rotativa;166;22.0;8;4.0;20.0;7.0;6.0;4;5.0;Medio;47.4
E0031;Consultas Ambulatorias;Médico;27;M;Reemplazo;Nocturna;137;7.0;1;0.0;20.0;11.0;5.0;9;5.0;Bajo;29.2
E0032;Servicios Generales;Operario;53;F;Full time;Diurna;150;9.0;0;5.0;20.0;10.0;5.0;5;5.0;Bajo;36.2
E0033;Enfermería Hospitalizados;Enfermera;38;F;Full time;Nocturna;153;9.0;6;0.0;20.0;14.0;8.0;6;5.0;Bajo;35.5
E0034;Imagenología;TENS;53;M;Full time;Rotativa;171;9.0;1;2.0;20.0;15.0;9.0;7;7.0;Bajo;37.1
E0035;Consultas Ambulatorias;Médico;58;M;Full time;Diurna;153;4.0;0;0.0;20.0;15.0;7.0;6;6.0;Bajo;28.1
E0036;Enfermería Hospitalizados;Enfermera;33;M;Reemplazo;Diurna;144;20.0;0;0.0;20.0;16.0;8.0;7;7.0;Bajo;36.8
E0037;Consultas Ambulatorias;Administrativo;51;F;Full time;Rotativa;139;15.0;0;3.0;20.0;20.0;6.0;6;9.0;Bajo;25.5
E0038;Laboratorio;Tecnólogo Médico;41;F;Reemplazo;Diurna;151;3.0;2;1.0;20.0;9.0;7.0;8;6.0;Bajo;34.6
E0039;Enfermería Hospitalizados;Enfermera;53;F;Full time;Diurna;154;7.0;2;0.0;20.0;11.0;4.0;9;7.0;Bajo;24.2
E0040;Urgencias;Enfermera;43;F;Part time;Rotativa;98;16.0;7;3.0;20.0;7.0;7.0;5;2.0;Medio;49.6
E0041;Consultas Ambulatorias;TENS;35;F;Part time;Diurna;108;4.0;1;3.0;20.0;10.0;6.0;9;3.0;Bajo;36.7
E0042;UCI;Enfermera;58;F;Full time;Rotativa;160;10.0;3;0.0;20.0;0.0;7.0;5;9.0;Medio;42.8
E0043;Consultas Ambulatorias;Administrativo;55;F;Full time;Nocturna;144;3.0;1;3.0;20.0;13.0;4.0;7;6.0;Bajo;24.3
E0044;Urgencias;Enfermera;27;F;Full time;Rotativa;161;25.0;5;2.0;20.0;14.0;8.0;6;8.0;Medio;42.2
E0045;Enfermería Hospitalizados;Enfermera;26;F;Full time;Diurna;143;12.0;3;0.0;20.0;16.0;4.0;6;5.0;Bajo;23.9
E0046;Consultas Ambulatorias;Médico;27;F;Full time;Diurna;153;11.0;2;3.0;20.0;11.0;10.0;4;5.0;Medio;48.1
E0047;Servicios Generales;Operario;35;M;Reemplazo;Diurna;146;10.0;4;2.0;20.0;17.0;7.0;6;7.0;Bajo;30.0
E0048;UCI;TENS;47;M;Full time;Nocturna;154;33.0;7;2.0;20.0;13.0;10.0;8;3.0;Medio;58.3
E0049;Enfermería Hospitalizados;Enfermera;23;F;Reemplazo;Nocturna;125;18.0;3;1.0;20.0;16.0;9.0;7;7.0;Bajo;39.6
E0050;Urgencias;Enfermera;58;M;Full time;Diurna;159;32.0;4;2.0;20.0;0.0;8.0;9;4.0;Medio;64.1
E0051;Consultas Ambulatorias;Médico;50;F;Part time;Rotativa;113;12.0;0;2.0;20.0;9.0;5.0;7;8.0;Bajo;32.3
E0052;Enfermería Hospitalizados;Enfermera;47;M;Full time;Nocturna;184;12.0;3;3.0;20.0;15.0;6.0;5;7.0;Bajo;31.2
E0053;Consultas Ambulatorias;Administrativo;30;F;Part time;Rotativa;99;11.0;3;3.0;20.0;11.0;6.0;8;6.0;Bajo;35.8
E0054;Urgencias;Enfermera;56;F;Full time;Rotativa;147;7.0;4;5.0;20.0;8.0;6.0;5;5.0;Bajo;39.9
E0055;Consultas Ambulatorias;Administrativo;45;F;Part time;Diurna;93;5.0;1;2.0;20.0;20.0;4.0;7;8.0;Bajo;15.1
E0056;UCI;Médico;22;F;Full time;Diurna;154;27.0;12;0.0;20.0;15.0;7.0;3;7.0;Bajo;38.5
E0057;Administración;Asistente;23;F;Full time;Diurna;156;8.0;0;1.0;20.0;10.0;7.0;7;8.0;Bajo;33.9
E0058;Imagenología;Administrativo;49;M;Part time;Diurna;83;14.0;3;0.0;20.0;7.0;8.0;8;7.0;Medio;42.8
E0059;Consultas Ambulatorias;Administrativo;56;F;Part time;Rotativa;96;12.0;0;3.0;20.0;16.0;6.0;7;5.0;Bajo;32.4
E0060;Enfermería Hospitalizados;TENS;22;M;Full time;Diurna;173;1.0;4;0.0;20.0;18.0;3.0;4;6.0;Bajo;12.5
E0061;Servicios Generales;Operario;45;F;Full time;Rotativa;146;11.0;7;0.0;20.0;17.0;8.0;4;6.0;Bajo;32.4
E0062;Administración;Asistente;25;F;Reemplazo;Nocturna;149;10.0;2;2.0;20.0;10.0;6.0;6;3.0;Bajo;38.7
E0063;Administración;Analista;43;F;Reemplazo;Rotativa;156;14.0;0;3.0;20.0;13.0;7.0;7;3.0;Medio;41.4
E0064;Urgencias;Administrativo;22;F;Full time;Diurna;144;11.0;10;0.0;20.0;12.0;5.0;9;5.0;Bajo;30.2
E0065;Servicios Generales;Auxiliar;54;F;Full time;Diurna;162;13.0;2;6.0;20.0;8.0;4.0;9;5.0;Bajo;38.4
E0066;Consultas Ambulatorias;Médico;60;F;Full time;Diurna;156;5.0;1;4.0;20.0;10.0;6.0;8;8.0;Bajo;32.6
E0067;Administración;Asistente;29;F;Full time;Diurna;168;8.0;1;1.0;20.0;18.0;6.0;6;8.0;Bajo;23.1
E0068;Imagenología;Tecnólogo Médico;35;F;Full time;Diurna;162;9.0;5;0.0;20.0;13.0;5.0;9;7.0;Bajo;25.9
E0069;Enfermería Hospitalizados;TENS;54;M;Full time;Diurna;167;12.0;5;0.0;20.0;11.0;3.0;8;7.0;Bajo;23.9
E0070;Servicios Generales;Operario;51;F;Full time;Rotativa;155;10.0;0;0.0;20.0;9.0;5.0;6;7.0;Bajo;30.4
E0071;Enfermería Hospitalizados;TENS;25;F;Reemplazo;Rotativa;138;7.0;7;0.0;20.0;18.0;8.0;4;7.0;Bajo;28.3
E0072;Urgencias;TENS;24;M;Part time;Nocturna;100;6.0;7;6.0;20.0;10.0;5.0;6;5.0;Bajo;35.7
E0073;Laboratorio;Técnico;59;M;Part time;Diurna;80;6.0;2;0.0;20.0;13.0;6.0;7;7.0;Bajo;27.2
E0074;UCI;Médico;59;F;Part time;Diurna;94;19.0;5;4.0;20.0;20.0;7.0;5;7.0;Bajo;33.5
E0075;Administración;Jefatura;34;F;Part time;Rotativa;109;9.0;1;3.0;20.0;16.0;7.0;8;9.0;Bajo;29.3
E0076;Imagenología;Administrativo;26;M;Part time;Diurna;98;12.0;5;0.0;20.0;15.0;5.0;7;8.0;Bajo;24.3
E0077;Urgencias;Administrativo;34;M;Reemplazo;Nocturna;147;7.0;10;2.0;20.0;11.0;7.0;6;6.0;Bajo;35.6
E0078;Enfermería Hospitalizados;TENS;36;M;Full time;Rotativa;155;13.0;5;0.0;20.0;14.0;5.0;8;4.0;Bajo;30.3
E0079;Urgencias;TENS;35;M;Reemplazo;Rotativa;143;13.0;5;0.0;20.0;13.0;9.0;3;5.0;Medio;41.3
E0080;Servicios Generales;Auxiliar;56;F;Full time;Rotativa;149;16.0;3;0.0;20.0;8.0;7.0;7;6.0;Medio;41.1
E0081;Enfermería Hospitalizados;Enfermera;41;F;Full time;Rotativa;168;10.0;1;0.0;20.0;14.0;6.0;8;6.0;Bajo;29.3
E0082;Enfermería Hospitalizados;TENS;46;M;Part time;Rotativa;104;15.0;1;2.0;20.0;18.0;7.0;5;6.0;Bajo;32.6
E0083;Urgencias;Administrativo;41;F;Full time;Diurna;161;12.0;8;0.0;20.0;7.0;5.0;5;2.0;Bajo;39.0
E0084;Consultas Ambulatorias;TENS;46;M;Part time;Diurna;90;7.0;0;0.0;20.0;20.0;7.0;6;7.0;Bajo;23.5
E0085;Enfermería Hospitalizados;TENS;54;F;Full time;Diurna;158;7.0;3;0.0;20.0;17.0;7.0;6;6.0;Bajo;27.6
E0086;Urgencias;Médico;24;M;Full time;Nocturna;144;24.0;9;3.0;20.0;8.0;10.0;6;8.0;Medio;54.2
E0087;Consultas Ambulatorias;Administrativo;47;F;Full time;Diurna;176;6.0;2;4.0;20.0;20.0;5.0;6;3.0;Bajo;25.9
E0088;Administración;Analista;53;F;Full time;Rotativa;160;8.0;1;0.0;20.0;12.0;3.0;7;7.0;Bajo;20.9
E0089;Administración;Analista;25;M;Part time;Nocturna;109;19.0;0;2.0;20.0;20.0;4.0;8;7.0;Bajo;23.2
E0090;Administración;Jefatura;33;F;Full time;Rotativa;167;5.0;2;0.0;20.0;8.0;8.0;3;7.0;Bajo;37.3
E0091;Urgencias;Enfermera;35;F;Full time;Nocturna;156;9.0;2;4.0;20.0;7.0;8.0;5;6.0;Medio;45.4
E0092;UCI;Médico;35;F;Full time;Nocturna;158;8.0;7;2.0;20.0;6.0;6.0;8;3.0;Medio;41.7
E0093;Enfermería Hospitalizados;TENS;58;M;Part time;Diurna;101;18.0;1;2.0;20.0;9.0;7.0;7;5.0;Medio;44.2
E0094;Administración;Analista;45;M;Full time;Diurna;160;9.0;1;0.0;20.0;15.0;3.0;5;7.0;Bajo;18.4
E0095;UCI;Médico;29;F;Full time;Rotativa;168;8.0;5;2.0;20.0;10.0;8.0;5;6.0;Bajo;39.9
E0096;Imagenología;Tecnólogo Médico;22;F;Full time;Diurna;152;13.0;5;1.0;20.0;15.0;8.0;7;7.0;Bajo;35.3
E0097;Enfermería Hospitalizados;TENS;25;M;Part time;Rotativa;97;20.0;2;2.0;20.0;13.0;6.0;5;4.0;Bajo;39.6
E0098;Enfermería Hospitalizados;Enfermera;40;F;Full time;Diurna;147;8.0;3;0.0;20.0;18.0;8.0;3;5.0;Bajo;31.0
E0099;Laboratorio;Bioquímico;27;M;Part time;Diurna;100;4.0;2;0.0;20.0;18.0;3.0;8;8.0;Bajo;11.8
E0100;Consultas Ambulatorias;Médico;44;F;Part time;Diurna;101;9.0;0;1.0;20.0;8.0;6.0;7;5.0;Bajo;36.9
E0101;Consultas Ambulatorias;Administrativo;48;M;Full time;Nocturna;162;6.0;1;1.0;20.0;14.0;8.0;6;7.0;Bajo;32.8
E0102;UCI;Enfermera;57;F;Full time;Rotativa;164;0.0;6;6.0;20.0;16.0;8.0;4;6.0;Bajo;33.9
E0103;Enfermería Hospitalizados;TENS;29;M;Full time;Diurna;170;6.0;3;3.0;20.0;16.0;7.0;6;5.0;Bajo;32.2
E0104;Urgencias;Enfermera;56;M;Full time;Nocturna;154;10.0;3;0.0;20.0;3.0;8.0;5;6.0;Medio;45.9
E0105;Urgencias;Administrativo;56;F;Full time;Diurna;177;14.0;7;4.0;20.0;13.0;7.0;4;7.0;Bajo;38.0
E0106;Administración;Jefatura;30;F;Full time;Diurna;160;4.0;1;0.0;20.0;15.0;7.0;4;7.0;Bajo;27.0
E0107;Enfermería Hospitalizados;TENS;23;M;Full time;Nocturna;157;22.0;3;0.0;20.0;10.0;7.0;5;7.0;Medio;41.0
E0108;Enfermería Hospitalizados;TENS;33;F;Full time;Rotativa;149;10.0;5;2.0;20.0;20.0;7.0;7;6.0;Bajo;28.1
E0109;Urgencias;Administrativo;33;M;Part time;Diurna;89;10.0;3;1.0;20.0;10.0;8.0;4;3.0;Medio;43.2
E0110;Enfermería Hospitalizados;TENS;39;F;Reemplazo;Diurna;140;11.0;4;1.0;20.0;15.0;6.0;5;8.0;Bajo;27.6
E0111;Urgencias;Enfermera;56;F;Full time;Diurna;160;19.0;5;2.0;20.0;20.0;7.0;5;6.0;Bajo;32.6
E0112;Consultas Ambulatorias;Médico;27;F;Full time;Diurna;160;10.0;0;2.0;20.0;14.0;3.0;5;6.0;Bajo;23.0
E0113;Administración;Analista;23;M;Full time;Diurna;157;13.0;1;1.0;20.0;11.0;6.0;6;7.0;Bajo;33.7
E0114;Consultas Ambulatorias;TENS;38;F;Full time;Diurna;169;9.0;1;3.0;20.0;20.0;4.0;7;3.0;Bajo;23.6
E0115;Consultas Ambulatorias;TENS;58;F;Reemplazo;Diurna;137;3.0;1;4.0;20.0;10.0;7.0;4;8.0;Bajo;34.4
E0116;Laboratorio;Tecnólogo Médico;42;F;Full time;Diurna;146;7.0;2;6.0;20.0;11.0;5.0;8;5.0;Bajo;35.2
E0117;Imagenología;Tecnólogo Médico;50;F;Part time;Rotativa;111;5.0;0;1.0;20.0;13.0;7.0;9;8.0;Bajo;29.4
E0118;Laboratorio;Tecnólogo Médico;36;M;Full time;Rotativa;153;11.0;5;3.0;20.0;4.0;6.0;7;6.0;Medio;42.8
E0119;Servicios Generales;Supervisor;28;M;Full time;Diurna;172;13.0;2;0.0;20.0;14.0;5.0;7;7.0;Bajo;26.9
E0120;UCI;Enfermera;23;M;Full time;Diurna;157;17.0;5;3.0;20.0;8.0;8.0;5;4.0;Medio;49.6
E0121;Urgencias;Enfermera;53;M;Part time;Nocturna;96;11.0;2;0.0;20.0;20.0;6.0;5;5.0;Bajo;24.9
E0122;Laboratorio;Tecnólogo Médico;56;M;Full time;Rotativa;163;2.0;0;3.0;20.0;8.0;6.0;6;6.0;Bajo;34.3
E0123;Imagenología;Tecnólogo Médico;43;F;Part time;Diurna;93;13.0;2;3.0;20.0;12.0;5.0;9;6.0;Bajo;33.1
E0124;Administración;Jefatura;40;F;Full time;Nocturna;158;12.0;1;0.0;20.0;16.0;7.0;6;7.0;Bajo;30.0
E0125;UCI;TENS;55;F;Full time;Rotativa;148;21.0;9;0.0;20.0;9.0;8.0;4;6.0;Medio;45.4
E0126;Servicios Generales;Auxiliar;41;F;Full time;Diurna;151;0.0;4;2.0;20.0;7.0;8.0;9;5.0;Medio;40.0
E0127;Urgencias;TENS;25;F;Full time;Diurna;160;26.0;4;2.0;20.0;13.0;6.0;5;5.0;Medio;41.4
E0128;Consultas Ambulatorias;TENS;52;F;Full time;Nocturna;164;4.0;1;1.0;20.0;4.0;7.0;7;6.0;Medio;40.1
E0129;UCI;Médico;49;M;Reemplazo;Rotativa;129;32.0;9;3.0;20.0;8.0;6.0;5;7.0;Medio;48.2
E0130;Consultas Ambulatorias;Médico;31;F;Full time;Diurna;154;11.0;0;2.0;20.0;18.0;6.0;6;7.0;Bajo;26.7
E0131;Imagenología;TENS;26;M;Full time;Diurna;157;6.0;2;3.0;20.0;10.0;5.0;5;4.0;Bajo;33.8
E0132;Laboratorio;Bioquímico;30;F;Full time;Diurna;135;17.0;4;1.0;20.0;14.0;7.0;4;6.0;Bajo;36.6
E0133;Administración;Asistente;42;F;Full time;Diurna;146;17.0;1;2.0;20.0;10.0;6.0;6;6.0;Bajo;38.8
E0134;UCI;Médico;43;F;Full time;Diurna;164;23.0;6;1.0;20.0;5.0;8.0;4;1.0;Medio;56.9
E0135;Urgencias;TENS;43;M;Full time;Diurna;177;9.0;3;2.0;20.0;16.0;8.0;5;5.0;Bajo;35.5
E0136;Imagenología;Administrativo;42;F;Full time;Rotativa;145;12.0;2;3.0;20.0;15.0;6.0;6;5.0;Bajo;33.4
E0137;Servicios Generales;Auxiliar;56;F;Full time;Rotativa;173;8.0;0;2.0;20.0;15.0;8.0;8;7.0;Bajo;33.8
E0138;Enfermería Hospitalizados;TENS;39;F;Full time;Rotativa;168;9.0;2;2.0;20.0;11.0;5.0;7;8.0;Bajo;28.8
E0139;Urgencias;Administrativo;51;M;Full time;Rotativa;160;29.0;5;2.0;20.0;4.0;8.0;5;7.0;Medio;55.3
E0140;Urgencias;Médico;26;F;Full time;Rotativa;151;22.0;6;2.0;20.0;19.0;8.0;5;3.0;Medio;41.2
E0141;Imagenología;Tecnólogo Médico;42;F;Part time;Rotativa;83;12.0;1;5.0;20.0;14.0;7.0;7;5.0;Bajo;39.2
E0142;Enfermería Hospitalizados;TENS;43;M;Part time;Rotativa;95;13.0;1;3.0;20.0;17.0;5.0;6;5.0;Bajo;29.2
E0143;Urgencias;Enfermera;35;M;Full time;Rotativa;168;20.0;1;0.0;20.0;7.0;6.0;5;4.0;Medio;43.6
E0144;Imagenología;Administrativo;41;F;Full time;Diurna;165;17.0;5;6.0;20.0;16.0;9.0;5;10.0;Medio;40.7
E0145;UCI;Enfermera;57;F;Full time;Diurna;141;15.0;1;3.0;20.0;15.0;6.0;6;7.0;Bajo;32.7
E0146;Consultas Ambulatorias;Médico;37;F;Part time;Diurna;100;12.0;0;2.0;20.0;17.0;7.0;7;8.0;Bajo;29.9
E0147;Consultas Ambulatorias;TENS;33;M;Full time;Diurna;150;6.0;2;1.0;20.0;19.0;8.0;6;6.0;Bajo;28.9
E0148;Imagenología;Administrativo;43;F;Full time;Diurna;169;10.0;4;2.0;20.0;13.0;4.0;4;3.0;Bajo;30.1
E0149;Consultas Ambulatorias;Administrativo;56;F;Full time;Nocturna;171;8.0;0;3.0;20.0;4.0;4.0;6;4.0;Bajo;38.0
E0150;Urgencias;Enfermera;30;M;Full time;Rotativa;170;18.0;4;2.0;20.0;8.0;8.0;7;5.0;Medio;48.0
E0151;Urgencias;Administrativo;40;F;Reemplazo;Rotativa;124;25.0;4;2.0;20.0;18.0;9.0;5;4.0;Medio;45.4
E0152;Enfermería Hospitalizados;TENS;58;F;Full time;Rotativa;165;10.0;5;4.0;20.0;18.0;3.0;7;8.0;Bajo;18.8
E0153;Laboratorio;Bioquímico;48;M;Full time;Rotativa;163;23.0;1;1.0;20.0;17.0;6.0;6;7.0;Bajo;32.7
E0154;Enfermería Hospitalizados;TENS;59;M;Full time;Diurna;148;17.0;5;0.0;20.0;19.0;6.0;7;7.0;Bajo;26.7
E0155;Servicios Generales;Supervisor;44;F;Full time;Diurna;175;16.0;1;4.0;20.0;12.0;4.0;5;6.0;Bajo;32.8
E0156;Urgencias;Administrativo;39;M;Full time;Diurna;143;11.0;8;5.0;20.0;3.0;7.0;5;6.0;Medio;48.6
E0157;Administración;Analista;26;F;Reemplazo;Nocturna;122;2.0;0;1.0;20.0;9.0;6.0;6;8.0;Bajo;29.1
E0158;Enfermería Hospitalizados;Enfermera;44;F;Reemplazo;Nocturna;142;7.0;2;2.0;20.0;8.0;6.0;7;6.0;Bajo;35.8
E0159;Enfermería Hospitalizados;TENS;53;M;Full time;Nocturna;148;16.0;3;4.0;20.0;15.0;4.0;6;7.0;Bajo;28.7
E0160;Imagenología;Administrativo;39;M;Full time;Nocturna;155;4.0;2;0.0;20.0;7.0;6.0;7;9.0;Bajo;30.0
E0161;Laboratorio;Tecnólogo Médico;32;F;Full time;Nocturna;154;11.0;1;2.0;20.0;13.0;8.0;6;4.0;Medio;40.6
E0162;Consultas Ambulatorias;Administrativo;45;F;Full time;Rotativa;173;4.0;0;3.0;20.0;20.0;4.0;8;7.0;Bajo;16.7
E0163;Enfermería Hospitalizados;Enfermera;30;F;Full time;Nocturna;149;7.0;0;0.0;20.0;16.0;5.0;10;7.0;Bajo;21.9
E0164;Administración;Asistente;45;M;Full time;Rotativa;172;2.0;1;2.0;20.0;11.0;6.0;9;5.0;Bajo;31.4
E0165;UCI;TENS;52;F;Full time;Diurna;141;19.0;6;0.0;20.0;13.0;9.0;3;4.0;Medio;45.4
E0166;UCI;Médico;24;M;Reemplazo;Diurna;137;23.0;1;1.0;20.0;10.0;8.0;3;7.0;Medio;45.3
E0167;Administración;Asistente;52;M;Full time;Diurna;178;12.0;1;1.0;20.0;17.0;5.0;7;7.0;Bajo;24.4
E0168;Consultas Ambulatorias;TENS;25;F;Part time;Diurna;81;7.0;1;0.0;20.0;11.0;6.0;8;5.0;Bajo;31.9
E0169;Urgencias;TENS;29;F;Full time;Rotativa;153;15.0;1;0.0;20.0;7.0;9.0;6;6.0;Medio;47.2
E0170;Enfermería Hospitalizados;Enfermera;27;F;Reemplazo;Diurna;139;23.0;6;0.0;20.0;16.0;5.0;7;7.0;Bajo;29.9
E0171;Imagenología;Tecnólogo Médico;25;M;Full time;Diurna;166;19.0;2;1.0;20.0;14.0;7.0;4;3.0;Medio;40.9
E0172;UCI;TENS;56;F;Full time;Rotativa;172;15.0;4;2.0;20.0;8.0;10.0;5;6.0;Medio;50.9
E0173;Administración;Analista;55;F;Reemplazo;Diurna;141;6.0;3;0.0;20.0;18.0;7.0;7;9.0;Bajo;22.8
E0174;Urgencias;TENS;34;F;Full time;Diurna;157;10.0;0;1.0;20.0;20.0;8.0;5;5.0;Bajo;31.0
E0175;Servicios Generales;Operario;59;M;Full time;Diurna;155;9.0;3;4.0;20.0;13.0;5.0;5;6.0;Bajo;31.1
E0176;Enfermería Hospitalizados;TENS;46;M;Full time;Diurna;169;3.0;4;3.0;20.0;4.0;5.0;6;6.0;Bajo;36.1
E0177;UCI;TENS;55;F;Part time;Diurna;100;19.0;2;0.0;20.0;8.0;7.0;7;6.0;Medio;42.6
E0178;Consultas Ambulatorias;TENS;34;M;Full time;Diurna;148;11.0;1;1.0;20.0;12.0;3.0;7;7.0;Bajo;23.4
E0179;Urgencias;Enfermera;26;F;Full time;Diurna;143;12.0;3;4.0;20.0;13.0;8.0;6;8.0;Bajo;38.7
E0180;UCI;Médico;51;F;Part time;Diurna;103;23.0;0;3.0;20.0;6.0;8.0;5;9.0;Medio;49.1
E0181;Enfermería Hospitalizados;Enfermera;47;F;Full time;Diurna;151;19.0;1;5.0;20.0;18.0;6.0;5;8.0;Bajo;32.6
E0182;UCI;Médico;60;M;Reemplazo;Rotativa;143;26.0;7;3.0;20.0;14.0;5.0;5;6.0;Bajo;37.6
E0183;Consultas Ambulatorias;TENS;43;F;Full time;Diurna;152;9.0;0;0.0;20.0;8.0;4.0;7;7.0;Bajo;28.2
E0184;Servicios Generales;Supervisor;47;F;Part time;Diurna;80;17.0;0;3.0;20.0;14.0;5.0;6;8.0;Bajo;30.8
E0185;Servicios Generales;Auxiliar;32;F;Full time;Diurna;158;13.0;4;1.0;20.0;12.0;8.0;7;7.0;Bajo;38.3
E0186;Laboratorio;Bioquímico;50;F;Full time;Nocturna;160;10.0;0;0.0;20.0;13.0;8.0;6;8.0;Bajo;33.7
E0187;Imagenología;TENS;44;F;Full time;Rotativa;169;0.0;7;3.0;20.0;13.0;5.0;5;7.0;Bajo;24.4
E0188;UCI;Enfermera;41;F;Full time;Rotativa;172;24.0;5;4.0;20.0;4.0;6.0;7;6.0;Medio;50.3
E0189;UCI;TENS;57;M;Part time;Diurna;117;25.0;6;0.0;20.0;5.0;8.0;6;8.0;Medio;49.2
E0190;Servicios Generales;Operario;43;F;Full time;Diurna;169;16.0;3;0.0;20.0;4.0;6.0;8;8.0;Medio;40.1
E0191;Enfermería Hospitalizados;Enfermera;44;F;Part time;Diurna;96;9.0;1;2.0;20.0;15.0;5.0;5;9.0;Bajo;23.7
E0192;Consultas Ambulatorias;Médico;24;F;Full time;Diurna;156;9.0;1;4.0;20.0;14.0;10.0;7;9.0;Medio;40.6
E0193;Consultas Ambulatorias;Médico;22;F;Full time;Diurna;161;8.0;2;4.0;20.0;17.0;5.0;5;7.0;Bajo;25.4
E0194;Enfermería Hospitalizados;Enfermera;24;M;Reemplazo;Nocturna;133;9.0;0;1.0;20.0;16.0;6.0;8;6.0;Bajo;27.8
E0195;Consultas Ambulatorias;TENS;54;F;Full time;Nocturna;155;7.0;1;1.0;20.0;19.0;8.0;5;7.0;Bajo;28.3
E0196;Enfermería Hospitalizados;TENS;50;F;Full time;Diurna;163;11.0;3;0.0;20.0;13.0;5.0;8;8.0;Bajo;25.8
E0197;Enfermería Hospitalizados;Enfermera;33;F;Full time;Nocturna;167;20.0;6;2.0;20.0;15.0;4.0;6;5.0;Bajo;30.9
E0198;Administración;Jefatura;41;F;Full time;Nocturna;150;13.0;0;6.0;20.0;17.0;9.0;4;7.0;Medio;41.1
E0199;Urgencias;Administrativo;22;F;Full time;Nocturna;145;29.0;6;0.0;20.0;13.0;7.0;7;6.0;Medio;42.6
E0200;UCI;Enfermera;53;M;Reemplazo;Diurna;139;16.0;6;1.0;20.0;9.0;8.0;5;3.0;Medio;47.2
E0201;Administración;Asistente;40;F;Full time;Nocturna;168;4.0;1;3.0;20.0;11.0;5.0;9;6.0;Bajo;29.6
E0202;Consultas Ambulatorias;TENS;37;F;Reemplazo;Rotativa;144;9.0;1;3.0;20.0;15.0;4.0;8;8.0;Bajo;23.1
E0203;Consultas Ambulatorias;TENS;38;M;Full time;Nocturna;152;2.0;1;3.0;20.0;13.0;8.0;4;8.0;Bajo;32.7
E0204;Administración;Asistente;57;F;Full time;Rotativa;160;0.0;1;4.0;20.0;15.0;4.0;5;3.0;Bajo;25.1
E0205;Urgencias;Administrativo;36;F;Part time;Diurna;107;16.0;6;0.0;20.0;14.0;9.0;5;7.0;Bajo;39.6
E0206;Imagenología;Tecnólogo Médico;25;M;Full time;Nocturna;168;6.0;2;3.0;20.0;16.0;7.0;4;9.0;Bajo;27.8
E0207;UCI;Enfermera;42;M;Full time;Rotativa;163;0.0;6;2.0;20.0;7.0;5.0;5;5.0;Bajo;31.7
E0208;UCI;Médico;58;F;Part time;Diurna;80;14.0;7;2.0;20.0;17.0;8.0;6;3.0;Bajo;39.2
E0209;Enfermería Hospitalizados;TENS;53;M;Full time;Diurna;157;10.0;7;2.0;20.0;8.0;5.0;8;10.0;Bajo;30.1
E0210;Enfermería Hospitalizados;TENS;54;F;Full time;Rotativa;160;4.0;5;1.0;20.0;16.0;9.0;7;5.0;Bajo;34.8
E0211;Urgencias;Enfermera;60;F;Full time;Diurna;168;16.0;6;0.0;20.0;8.0;7.0;9;4.0;Medio;43.3
E0212;Consultas Ambulatorias;Administrativo;37;F;Part time;Nocturna;103;9.0;0;4.0;20.0;18.0;5.0;5;6.0;Bajo;26.1
E0213;Laboratorio;Tecnólogo Médico;36;F;Full time;Diurna;157;17.0;3;2.0;20.0;14.0;5.0;6;6.0;Bajo;32.1
E0214;Imagenología;Administrativo;41;M;Full time;Diurna;153;4.0;1;1.0;20.0;11.0;3.0;8;8.0;Bajo;19.8
E0215;Administración;Jefatura;51;F;Full time;Diurna;162;14.0;2;2.0;20.0;17.0;7.0;5;7.0;Bajo;32.0
E0216;Administración;Analista;28;M;Full time;Diurna;155;5.0;0;5.0;20.0;16.0;7.0;9;7.0;Bajo;31.5
E0217;Enfermería Hospitalizados;Enfermera;34;M;Full time;Nocturna;163;4.0;4;3.0;20.0;20.0;8.0;6;5.0;Bajo;30.0
E0218;Enfermería Hospitalizados;TENS;53;F;Full time;Nocturna;173;16.0;3;0.0;20.0;13.0;8.0;8;5.0;Medio;40.0
E0219;Imagenología;TENS;60;M;Part time;Diurna;107;16.0;2;0.0;20.0;7.0;6.0;8;6.0;Bajo;39.3
E0220;Imagenología;TENS;27;F;Full time;Nocturna;155;21.0;1;2.0;20.0;16.0;7.0;10;5.0;Bajo;38.7
E0221;Enfermería Hospitalizados;Enfermera;56;F;Full time;Rotativa;141;15.0;0;3.0;20.0;19.0;7.0;8;10.0;Bajo;28.2
E0222;Consultas Ambulatorias;Médico;31;F;Full time;Nocturna;168;12.0;1;0.0;20.0;18.0;6.0;4;4.0;Bajo;28.6
E0223;Consultas Ambulatorias;TENS;26;M;Reemplazo;Nocturna;146;11.0;0;2.0;20.0;20.0;5.0;5;9.0;Bajo;19.7
E0224;Servicios Generales;Auxiliar;26;F;Full time;Rotativa;160;7.0;4;3.0;20.0;8.0;5.0;7;6.0;Bajo;34.1
E0225;Enfermería Hospitalizados;TENS;35;F;Full time;Diurna;158;4.0;6;1.0;20.0;14.0;7.0;8;7.0;Bajo;29.0
E0226;Administración;Asistente;47;M;Full time;Nocturna;156;8.0;1;1.0;20.0;8.0;7.0;8;9.0;Bajo;34.8
E0227;Consultas Ambulatorias;TENS;48;M;Full time;Rotativa;162;11.0;0;2.0;20.0;11.0;6.0;6;5.0;Bajo;35.9
E0228;Urgencias;Administrativo;55;F;Full time;Rotativa;158;11.0;7;2.0;20.0;12.0;6.0;5;7.0;Bajo;32.7
E0229;Enfermería Hospitalizados;Enfermera;53;M;Full time;Rotativa;168;21.0;2;0.0;20.0;11.0;8.0;7;6.0;Medio;43.4
E0230;Enfermería Hospitalizados;Enfermera;52;F;Part time;Diurna;88;8.0;4;0.0;20.0;14.0;4.0;7;6.0;Bajo;22.8
E0231;Enfermería Hospitalizados;Enfermera;33;F;Part time;Diurna;97;18.0;1;0.0;20.0;12.0;7.0;7;5.0;Bajo;39.2
E0232;Consultas Ambulatorias;Administrativo;35;M;Full time;Nocturna;174;3.0;1;0.0;20.0;11.0;5.0;6;6.0;Bajo;26.1
E0233;Imagenología;TENS;53;M;Reemplazo;Nocturna;136;6.0;1;4.0;20.0;14.0;5.0;7;7.0;Bajo;27.4
E0234;Urgencias;Enfermera;52;F;Part time;Diurna;102;21.0;10;3.0;20.0;9.0;6.0;4;5.0;Medio;43.9
E0235;Consultas Ambulatorias;Administrativo;48;F;Full time;Diurna;162;7.0;0;0.0;20.0;11.0;7.0;2;6.0;Bajo;33.6
E0236;Consultas Ambulatorias;TENS;34;M;Full time;Rotativa;154;3.0;3;2.0;20.0;14.0;7.0;6;7.0;Bajo;29.5
E0237;Urgencias;Enfermera;30;M;Full time;Diurna;144;15.0;6;0.0;20.0;5.0;7.0;7;5.0;Medio;44.7
E0238;Enfermería Hospitalizados;Enfermera;60;F;Part time;Diurna;106;23.0;2;3.0;20.0;14.0;8.0;5;8.0;Medio;42.2
E0239;Enfermería Hospitalizados;Enfermera;42;M;Full time;Rotativa;166;3.0;0;4.0;20.0;15.0;7.0;5;5.0;Bajo;32.7
E0240;Servicios Generales;Operario;53;F;Full time;Diurna;153;17.0;2;0.0;20.0;14.0;6.0;4;6.0;Bajo;32.8
E0241;Urgencias;Médico;37;M;Full time;Diurna;168;17.0;2;3.0;20.0;7.0;6.0;5;8.0;Medio;40.6
E0242;Laboratorio;Bioquímico;55;M;Full time;Rotativa;149;5.0;2;0.0;20.0;14.0;6.0;8;7.0;Bajo;25.7
E0243;Imagenología;Tecnólogo Médico;54;F;Full time;Rotativa;164;8.0;5;5.0;20.0;7.0;4.0;7;6.0;Bajo;34.8
E0244;Urgencias;Médico;43;F;Full time;Diurna;166;18.0;5;1.0;20.0;8.0;8.0;5;5.0;Medio;47.0
E0245;Urgencias;TENS;50;F;Part time;Rotativa;108;30.0;4;2.0;20.0;11.0;8.0;6;8.0;Medio;47.7
E0246;UCI;TENS;51;F;Reemplazo;Diurna;135;16.0;6;1.0;20.0;2.0;7.0;3;6.0;Medio;48.1
E0247;Consultas Ambulatorias;Administrativo;42;M;Full time;Rotativa;155;9.0;1;0.0;20.0;15.0;6.0;8;6.0;Bajo;27.8
E0248;Consultas Ambulatorias;Administrativo;29;M;Part time;Diurna;81;6.0;1;2.0;20.0;11.0;6.0;3;6.0;Bajo;32.3
E0249;Urgencias;Administrativo;39;F;Reemplazo;Rotativa;132;11.0;10;2.0;20.0;10.0;7.0;4;7.0;Bajo;37.5
E0250;Administración;Asistente;45;M;Full time;Diurna;157;4.0;2;0.0;20.0;11.0;6.0;5;6.0;Bajo;29.3
E0251;Urgencias;Administrativo;37;F;Full time;Diurna;161;26.0;6;0.0;20.0;11.0;7.0;8;8.0;Medio;40.9
E0252;Enfermería Hospitalizados;TENS;59;F;Full time;Diurna;167;15.0;3;1.0;20.0;18.0;6.0;4;5.0;Bajo;29.9
E0253;Servicios Generales;Operario;39;F;Full time;Diurna;158;13.0;3;3.0;20.0;16.0;7.0;5;8.0;Bajo;32.4
E0254;UCI;Médico;26;M;Part time;Diurna;96;10.0;3;6.0;20.0;9.0;6.0;3;5.0;Medio;41.4
E0255;UCI;TENS;40;M;Full time;Diurna;161;9.0;10;1.0;20.0;14.0;9.0;7;5.0;Bajo;39.3
E0256;Urgencias;Médico;55;F;Full time;Rotativa;158;20.0;3;0.0;20.0;9.0;7.0;6;7.0;Medio;41.0
E0257;Servicios Generales;Auxiliar;33;F;Full time;Diurna;160;7.0;6;2.0;20.0;14.0;4.0;5;6.0;Bajo;24.3
E0258;UCI;Enfermera;57;M;Reemplazo;Diurna;120;13.0;8;0.0;20.0;9.0;7.0;3;4.0;Medio;40.8
E0259;Enfermería Hospitalizados;TENS;40;F;Full time;Diurna;160;17.0;1;4.0;20.0;10.0;6.0;7;6.0;Medio;40.8
E0260;Consultas Ambulatorias;TENS;44;M;Full time;Rotativa;147;3.0;0;1.0;20.0;15.0;5.0;7;7.0;Bajo;21.9
E0261;Urgencias;Administrativo;25;F;Full time;Nocturna;151;18.0;5;1.0;20.0;4.0;8.0;5;4.0;Medio;52.1
E0262;Imagenología;Tecnólogo Médico;52;F;Full time;Nocturna;144;0.0;4;0.0;20.0;12.0;7.0;7;7.0;Bajo;28.0
E0263;Imagenología;Administrativo;42;M;Full time;Rotativa;166;7.0;4;1.0;20.0;12.0;7.0;8;9.0;Bajo;30.3
E0264;Consultas Ambulatorias;Administrativo;51;F;Full time;Diurna;166;7.0;2;0.0;20.0;8.0;7.0;5;7.0;Bajo;35.5
E0265;Urgencias;TENS;48;M;Full time;Diurna;157;22.0;5;1.0;20.0;9.0;7.0;6;5.0;Medio;45.2
E0266;Enfermería Hospitalizados;TENS;57;F;Full time;Nocturna;161;17.0;3;7.0;20.0;7.0;8.0;6;8.0;Medio;50.2
E0267;Urgencias;Administrativo;57;M;Part time;Rotativa;84;24.0;7;4.0;20.0;2.0;8.0;5;6.0;Medio;57.9
E0268;Servicios Generales;Auxiliar;35;F;Full time;Nocturna;159;0.0;4;1.0;20.0;8.0;7.0;7;6.0;Bajo;34.1
E0269;Urgencias;Médico;38;F;Full time;Diurna;173;19.0;10;0.0;20.0;7.0;5.0;4;5.0;Bajo;39.2
E0270;Urgencias;Administrativo;24;M;Full time;Diurna;176;10.0;2;4.0;20.0;11.0;6.0;6;4.0;Bajo;38.6
E0271;Administración;Analista;41;M;Part time;Diurna;107;13.0;0;0.0;20.0;18.0;7.0;6;6.0;Bajo;29.6
E0272;Servicios Generales;Supervisor;47;F;Full time;Rotativa;170;14.0;2;2.0;20.0;15.0;6.0;4;7.0;Bajo;31.2
E0273;Enfermería Hospitalizados;TENS;59;M;Full time;Rotativa;148;12.0;5;3.0;20.0;15.0;6.0;9;7.0;Bajo;31.2
E0274;Servicios Generales;Auxiliar;46;M;Full time;Rotativa;166;13.0;0;4.0;20.0;17.0;3.0;6;8.0;Bajo;21.3
E0275;Consultas Ambulatorias;Médico;47;M;Full time;Diurna;150;7.0;0;4.0;20.0;20.0;8.0;3;5.0;Bajo;32.5
E0276;Enfermería Hospitalizados;Enfermera;28;M;Reemplazo;Diurna;164;8.0;0;4.0;20.0;10.0;5.0;5;6.0;Bajo;33.6
E0277;Administración;Jefatura;47;F;Full time;Diurna;151;3.0;2;2.0;20.0;9.0;6.0;8;7.0;Bajo;31.7
E0278;Enfermería Hospitalizados;Enfermera;38;F;Full time;Diurna;145;12.0;5;0.0;20.0;13.0;7.0;5;6.0;Bajo;34.1
E0279;Administración;Jefatura;47;M;Full time;Rotativa;158;6.0;3;3.0;20.0;14.0;7.0;9;6.0;Bajo;33.1
E0280;Servicios Generales;Supervisor;60;M;Full time;Rotativa;153;9.0;6;0.0;20.0;11.0;6.0;8;7.0;Bajo;30.7
E0281;Enfermería Hospitalizados;Enfermera;54;M;Full time;Diurna;153;7.0;1;2.0;20.0;4.0;4.0;6;7.0;Bajo;33.2
E0282;Enfermería Hospitalizados;Enfermera;30;F;Part time;Rotativa;93;17.0;3;4.0;20.0;19.0;4.0;5;8.0;Bajo;24.1
E0283;Consultas Ambulatorias;TENS;59;F;Full time;Diurna;158;8.0;0;2.0;20.0;14.0;5.0;8;7.0;Bajo;26.4
E0284;Consultas Ambulatorias;Médico;28;F;Full time;Diurna;181;10.0;0;3.0;20.0;7.0;6.0;7;7.0;Bajo;38.2
E0285;Urgencias;Enfermera;35;F;Full time;Diurna;158;14.0;4;4.0;20.0;14.0;10.0;6;6.0;Medio;46.4
E0286;Urgencias;Enfermera;34;F;Full time;Nocturna;164;7.0;5;0.0;20.0;8.0;9.0;8;7.0;Medio;41.1
E0287;Laboratorio;Técnico;47;M;Part time;Diurna;84;1.0;1;4.0;20.0;11.0;8.0;8;7.0;Bajo;36.3
E0288;Imagenología;Tecnólogo Médico;58;M;Full time;Diurna;137;18.0;3;2.0;20.0;15.0;5.0;5;6.0;Bajo;31.6
E0289;Urgencias;Médico;43;M;Reemplazo;Rotativa;134;8.0;5;6.0;20.0;0.0;6.0;8;8.0;Medio;46.1
E0290;Urgencias;Enfermera;60;F;Full time;Diurna;172;13.0;1;2.0;20.0;13.0;10.0;6;7.0;Medio;43.8
E0291;Consultas Ambulatorias;Médico;44;F;Reemplazo;Diurna;130;10.0;0;0.0;20.0;13.0;6.0;6;6.0;Bajo;30.3
E0292;Urgencias;Médico;56;F;Full time;Rotativa;151;15.0;8;0.0;20.0;9.0;5.0;6;4.0;Bajo;36.3
E0293;Enfermería Hospitalizados;Enfermera;40;M;Full time;Diurna;151;4.0;2;1.0;20.0;11.0;8.0;10;4.0;Bajo;38.1
E0294;Consultas Ambulatorias;Administrativo;53;M;Full time;Rotativa;167;11.0;0;2.0;20.0;18.0;4.0;8;6.0;Bajo;22.3
E0295;Enfermería Hospitalizados;TENS;25;F;Full time;Nocturna;169;19.0;3;2.0;20.0;10.0;7.0;7;5.0;Medio;43.7
E0296;Enfermería Hospitalizados;TENS;30;F;Full time;Rotativa;141;5.0;7;2.0;20.0;14.0;7.0;4;4.0;Bajo;33.8
E0297;Laboratorio;Técnico;46;F;Full time;Diurna;179;5.0;1;4.0;20.0;12.0;5.0;8;4.0;Bajo;32.3
E0298;Enfermería Hospitalizados;TENS;40;F;Reemplazo;Rotativa;144;15.0;5;0.0;20.0;15.0;5.0;6;7.0;Bajo;26.9
E0299;Imagenología;Administrativo;29;F;Full time;Diurna;167;12.0;3;2.0;20.0;15.0;6.0;6;6.0;Bajo;31.3
E0300;Administración;Jefatura;47;F;Full time;Diurna;151;7.0;0;3.0;20.0;17.0;5.0;5;7.0;Bajo;23.9
E0301;Administración;Jefatura;24;F;Full time;Rotativa;171;7.0;0;1.0;20.0;14.0;8.0;7;5.0;Bajo;35.5
E0302;Consultas Ambulatorias;TENS;38;F;Part time;Rotativa;94;9.0;1;3.0;20.0;10.0;8.0;7;7.0;Medio;40.3
E0303;Urgencias;TENS;35;F;Full time;Diurna;156;22.0;8;4.0;20.0;10.0;8.0;6;3.0;Medio;52.2
E0304;Urgencias;TENS;28;M;Full time;Nocturna;158;17.0;8;5.0;20.0;1.0;5.0;5;6.0;Medio;48.1
E0305;Imagenología;TENS;38;F;Full time;Rotativa;172;16.0;4;1.0;20.0;18.0;3.0;8;6.0;Bajo;21.0
E0306;Urgencias;Médico;57;F;Full time;Rotativa;168;25.0;7;3.0;20.0;13.0;6.0;4;4.0;Medio;43.1
E0307;Urgencias;Médico;53;M;Full time;Rotativa;167;11.0;8;0.0;20.0;9.0;7.0;7;7.0;Bajo;36.5
E0308;Imagenología;Tecnólogo Médico;36;M;Full time;Diurna;154;12.0;1;4.0;20.0;7.0;7.0;7;7.0;Medio;43.0
E0309;Enfermería Hospitalizados;TENS;50;M;Full time;Diurna;145;8.0;1;4.0;20.0;9.0;5.0;7;5.0;Bajo;35.7
E0310;UCI;Médico;51;F;Reemplazo;Rotativa;142;31.0;4;3.0;20.0;15.0;6.0;4;7.0;Medio;40.7
E0311;Enfermería Hospitalizados;TENS;56;M;Full time;Rotativa;177;10.0;2;0.0;20.0;8.0;6.0;6;7.0;Bajo;34.2
E0312;Imagenología;Administrativo;28;F;Part time;Rotativa;96;21.0;6;3.0;20.0;13.0;4.0;7;8.0;Bajo;31.1
E0313;Enfermería Hospitalizados;Enfermera;27;M;Full time;Diurna;169;18.0;3;5.0;20.0;14.0;8.0;6;10.0;Bajo;39.4
E0314;Enfermería Hospitalizados;Enfermera;36;M;Full time;Diurna;176;13.0;4;3.0;20.0;20.0;7.0;7;8.0;Bajo;28.4
E0315;Imagenología;TENS;57;F;Full time;Diurna;160;13.0;4;2.0;20.0;17.0;10.0;8;8.0;Bajo;38.7
E0316;UCI;Médico;23;F;Full time;Diurna;156;7.0;6;0.0;20.0;12.0;8.0;4;5.0;Bajo;36.5
E0317;UCI;TENS;54;F;Reemplazo;Diurna;129;17.0;7;1.0;20.0;13.0;7.0;7;6.0;Bajo;37.6
E0318;Consultas Ambulatorias;Médico;38;F;Full time;Rotativa;149;2.0;0;4.0;20.0;17.0;6.0;4;6.0;Bajo;26.3
E0319;Administración;Asistente;46;M;Full time;Nocturna;155;9.0;1;3.0;20.0;11.0;3.0;8;5.0;Bajo;27.6
E0320;Imagenología;TENS;56;M;Part time;Nocturna;105;0.0;2;1.0;20.0;13.0;5.0;5;10.0;Bajo;19.1
E0321;Consultas Ambulatorias;TENS;35;F;Full time;Diurna;158;14.0;0;0.0;20.0;14.0;7.0;5;8.0;Bajo;31.9
E0322;Enfermería Hospitalizados;TENS;42;F;Full time;Diurna;169;14.0;0;2.0;20.0;16.0;8.0;8;8.0;Bajo;34.7
E0323;Servicios Generales;Supervisor;55;M;Full time;Diurna;163;18.0;0;0.0;20.0;20.0;8.0;7;6.0;Bajo;32.9
E0324;Urgencias;Médico;26;F;Full time;Diurna;163;32.0;2;3.0;20.0;13.0;5.0;6;7.0;Medio;40.4
E0325;Enfermería Hospitalizados;TENS;35;M;Full time;Diurna;173;12.0;3;1.0;20.0;13.0;8.0;8;8.0;Bajo;35.7
E0326;Laboratorio;Bioquímico;26;F;Full time;Rotativa;154;5.0;2;1.0;20.0;11.0;4.0;5;6.0;Bajo;25.3
E0327;Administración;Analista;41;F;Part time;Diurna;111;8.0;1;3.0;20.0;13.0;7.0;8;5.0;Bajo;36.2
E0328;Laboratorio;Tecnólogo Médico;43;F;Reemplazo;Diurna;156;14.0;1;1.0;20.0;14.0;7.0;4;7.0;Bajo;34.0
E0329;Consultas Ambulatorias;TENS;39;F;Full time;Rotativa;152;5.0;2;2.0;20.0;14.0;5.0;8;6.0;Bajo;26.1
E0330;UCI;Enfermera;58;F;Full time;Nocturna;141;24.0;3;1.0;20.0;6.0;7.0;8;7.0;Medio;47.0
E0331;UCI;Médico;39;F;Full time;Rotativa;150;8.0;8;1.0;20.0;14.0;10.0;4;4.0;Medio;42.7
E0332;Laboratorio;Técnico;33;M;Part time;Nocturna;104;16.0;2;3.0;20.0;12.0;7.0;4;7.0;Bajo;39.0
E0333;Administración;Analista;36;F;Reemplazo;Rotativa;128;12.0;1;0.0;20.0;7.0;6.0;6;7.0;Bajo;36.2
E0334;Enfermería Hospitalizados;TENS;48;M;Full time;Rotativa;163;14.0;0;0.0;20.0;14.0;5.0;9;5.0;Bajo;29.7
E0335;Consultas Ambulatorias;TENS;26;M;Full time;Diurna;173;7.0;0;0.0;20.0;9.0;7.0;8;7.0;Bajo;34.5
E0336;Servicios Generales;Supervisor;36;M;Full time;Diurna;150;5.0;5;1.0;20.0;18.0;6.0;5;5.0;Bajo;24.9
E0337;Imagenología;Tecnólogo Médico;36;F;Reemplazo;Diurna;131;3.0;1;2.0;20.0;20.0;7.0;7;4.0;Bajo;26.8
E0338;UCI;Enfermera;45;F;Part time;Nocturna;91;26.0;9;2.0;20.0;0.0;7.0;8;6.0;Medio;56.1
E0339;Enfermería Hospitalizados;TENS;51;F;Reemplazo;Nocturna;132;11.0;0;4.0;20.0;13.0;6.0;7;8.0;Bajo;32.6
E0340;Urgencias;Administrativo;37;F;Full time;Diurna;155;24.0;5;1.0;20.0;14.0;7.0;3;5.0;Medio;41.2
E0341;Urgencias;Administrativo;55;M;Full time;Diurna;156;16.0;1;1.0;20.0;16.0;6.0;4;6.0;Bajo;31.3
E0342;Servicios Generales;Operario;42;M;Full time;Diurna;166;11.0;0;1.0;20.0;10.0;6.0;8;9.0;Bajo;31.5
E0343;Imagenología;TENS;31;F;Reemplazo;Rotativa;146;11.0;3;0.0;20.0;12.0;7.0;3;6.0;Bajo;34.6
E0344;Servicios Generales;Supervisor;54;M;Full time;Nocturna;164;0.0;1;0.0;20.0;12.0;5.0;8;4.0;Bajo;25.8
E0345;Servicios Generales;Auxiliar;23;M;Full time;Nocturna;165;12.0;6;2.0;20.0;10.0;7.0;7;6.0;Bajo;39.1
E0346;Urgencias;Administrativo;59;F;Full time;Rotativa;159;16.0;5;0.0;20.0;11.0;7.0;6;2.0;Medio;42.6
E0347;Imagenología;Tecnólogo Médico;33;M;Full time;Rotativa;154;9.0;2;1.0;20.0;18.0;6.0;7;6.0;Bajo;25.8
E0348;Administración;Analista;50;F;Full time;Rotativa;148;14.0;0;0.0;20.0;20.0;7.0;7;5.0;Bajo;29.2
E0349;Consultas Ambulatorias;Administrativo;49;M;Part time;Diurna;94;4.0;0;1.0;20.0;15.0;5.0;7;9.0;Bajo;20.2
E0350;Imagenología;Administrativo;51;M;Part time;Diurna;99;0.0;2;1.0;20.0;20.0;5.0;6;8.0;Bajo;14.3
E0351;Enfermería Hospitalizados;Enfermera;43;M;Full time;Diurna;144;11.0;4;1.0;20.0;15.0;5.0;8;5.0;Bajo;28.2
E0352;Administración;Analista;48;F;Full time;Rotativa;157;12.0;0;0.0;20.0;10.0;8.0;6;4.0;Medio;42.1
E0353;Urgencias;TENS;35;F;Full time;Diurna;166;7.0;4;0.0;20.0;9.0;9.0;7;9.0;Bajo;37.8
E0354;Enfermería Hospitalizados;Enfermera;37;F;Full time;Diurna;177;12.0;3;0.0;20.0;12.0;9.0;6;6.0;Medio;40.7
E0355;UCI;TENS;53;M;Full time;Diurna;141;21.0;2;1.0;20.0;14.0;6.0;6;5.0;Bajo;36.9
E0356;Consultas Ambulatorias;TENS;50;F;Part time;Diurna;93;11.0;0;4.0;20.0;9.0;5.0;6;6.0;Bajo;36.1
E0357;Consultas Ambulatorias;Administrativo;49;F;Full time;Diurna;158;11.0;1;0.0;20.0;8.0;8.0;5;7.0;Medio;40.3
E0358;Enfermería Hospitalizados;Enfermera;59;F;Part time;Rotativa;104;0.0;4;2.0;20.0;13.0;6.0;4;3.0;Bajo;30.7
E0359;Imagenología;Tecnólogo Médico;32;F;Full time;Rotativa;164;18.0;1;2.0;20.0;13.0;7.0;6;6.0;Bajo;39.1
E0360;Imagenología;Tecnólogo Médico;31;F;Full time;Diurna;162;15.0;3;0.0;20.0;12.0;3.0;9;5.0;Bajo;26.6
E0361;Administración;Asistente;47;F;Full time;Nocturna;161;6.0;0;0.0;20.0;14.0;5.0;6;8.0;Bajo;22.3
E0362;Enfermería Hospitalizados;TENS;46;M;Full time;Nocturna;157;19.0;4;0.0;20.0;14.0;6.0;5;7.0;Bajo;32.7
E0363;UCI;TENS;58;F;Full time;Rotativa;172;20.0;2;0.0;20.0;2.0;8.0;7;8.0;Medio;49.7
E0364;Administración;Analista;28;M;Full time;Nocturna;170;4.0;0;2.0;20.0;5.0;6.0;8;4.0;Bajo;39.6
E0365;Enfermería Hospitalizados;Enfermera;23;F;Full time;Rotativa;159;24.0;2;2.0;20.0;13.0;5.0;7;6.0;Bajo;36.6
E0366;Imagenología;TENS;47;F;Full time;Rotativa;166;7.0;3;1.0;20.0;6.0;7.0;6;8.0;Bajo;37.4
E0367;Servicios Generales;Auxiliar;56;F;Full time;Rotativa;158;19.0;4;1.0;20.0;15.0;4.0;7;4.0;Bajo;30.5
E0368;Administración;Analista;22;F;Full time;Rotativa;168;0.0;3;7.0;20.0;13.0;5.0;9;6.0;Bajo;29.6
E0369;Laboratorio;Tecnólogo Médico;39;F;Full time;Nocturna;171;18.0;0;3.0;20.0;13.0;5.0;7;8.0;Bajo;32.3
E0370;Laboratorio;Bioquímico;58;F;Full time;Diurna;149;16.0;1;0.0;20.0;15.0;6.0;6;2.0;Bajo;35.8
E0371;UCI;Médico;26;M;Reemplazo;Rotativa;141;17.0;3;3.0;20.0;9.0;7.0;6;7.0;Medio;42.5
E0372;Administración;Jefatura;27;M;Full time;Diurna;149;9.0;0;3.0;20.0;9.0;9.0;5;7.0;Medio;44.1
E0373;Urgencias;TENS;41;M;Reemplazo;Diurna;148;8.0;10;2.0;20.0;7.0;7.0;7;5.0;Medio;41.2
E0374;Enfermería Hospitalizados;TENS;30;F;Reemplazo;Nocturna;128;10.0;2;1.0;20.0;16.0;6.0;8;6.0;Bajo;28.3
E0375;Enfermería Hospitalizados;TENS;31;M;Full time;Diurna;153;13.0;4;0.0;20.0;13.0;6.0;6;8.0;Bajo;29.6
E0376;Imagenología;TENS;33;F;Full time;Nocturna;149;10.0;2;2.0;20.0;16.0;5.0;7;3.0;Bajo;29.9
E0377;Urgencias;Enfermera;41;M;Full time;Diurna;161;22.0;9;0.0;20.0;13.0;7.0;5;6.0;Bajo;39.1
E0378;Laboratorio;Tecnólogo Médico;37;M;Full time;Diurna;166;4.0;2;4.0;20.0;16.0;5.0;6;9.0;Bajo;22.2
E0379;Consultas Ambulatorias;Administrativo;51;M;Part time;Nocturna;89;7.0;1;1.0;20.0;20.0;7.0;5;7.0;Bajo;24.5
E0380;UCI;TENS;27;M;Full time;Diurna;161;22.0;5;3.0;20.0;3.0;7.0;5;5.0;Medio;53.2
E0381;Enfermería Hospitalizados;Enfermera;34;M;Reemplazo;Diurna;136;11.0;2;3.0;20.0;19.0;7.0;4;6.0;Bajo;30.6
E0382;Servicios Generales;Supervisor;32;F;Full time;Rotativa;160;6.0;2;1.0;20.0;14.0;4.0;7;8.0;Bajo;20.6
E0383;Urgencias;Médico;37;M;Reemplazo;Diurna;149;22.0;5;1.0;20.0;12.0;9.0;6;5.0;Medio;47.8
E0384;Enfermería Hospitalizados;Enfermera;59;M;Part time;Diurna;98;15.0;2;5.0;20.0;15.0;7.0;7;6.0;Bajo;38.6
E0385;Laboratorio;Tecnólogo Médico;42;M;Full time;Diurna;183;19.0;4;2.0;20.0;18.0;7.0;7;6.0;Bajo;34.6
E0386;Enfermería Hospitalizados;Enfermera;59;M;Full time;Rotativa;153;5.0;3;4.0;20.0;12.0;7.0;5;7.0;Bajo;34.5
E0387;Administración;Asistente;26;F;Full time;Diurna;162;4.0;1;2.0;20.0;20.0;6.0;6;8.0;Bajo;20.1
E0388;UCI;TENS;60;M;Reemplazo;Rotativa;138;11.0;7;2.0;20.0;11.0;8.0;5;5.0;Medio;41.5
E0389;Enfermería Hospitalizados;TENS;45;M;Full time;Diurna;149;11.0;5;1.0;20.0;10.0;6.0;6;4.0;Bajo;37.1
E0390;Enfermería Hospitalizados;TENS;35;F;Full time;Rotativa;170;8.0;2;1.0;20.0;20.0;8.0;7;7.0;Bajo;27.8
E0391;Servicios Generales;Operario;56;M;Full time;Nocturna;162;10.0;2;0.0;20.0;16.0;4.0;6;8.0;Bajo;19.6
E0392;Urgencias;Médico;42;M;Full time;Diurna;157;5.0;3;3.0;20.0;17.0;7.0;7;3.0;Bajo;32.9
E0393;UCI;TENS;36;F;Part time;Nocturna;104;14.0;2;1.0;20.0;5.0;6.0;3;6.0;Medio;41.3
E0394;Urgencias;Administrativo;48;F;Reemplazo;Nocturna;149;9.0;8;0.0;20.0;12.0;8.0;3;6.0;Bajo;36.4
E0395;Urgencias;Médico;58;F;Part time;Diurna;109;5.0;10;3.0;20.0;0.0;10.0;6;5.0;Medio;56.1
E0396;Urgencias;TENS;31;M;Reemplazo;Nocturna;133;18.0;3;2.0;20.0;8.0;8.0;4;4.0;Medio;49.1
E0397;Enfermería Hospitalizados;TENS;49;F;Full time;Rotativa;161;8.0;9;4.0;20.0;9.0;6.0;6;5.0;Bajo;38.4
E0398;Consultas Ambulatorias;Médico;53;F;Reemplazo;Diurna;145;10.0;0;1.0;20.0;15.0;5.0;8;7.0;Bajo;25.4
E0399;Servicios Generales;Supervisor;43;F;Full time;Rotativa;152;21.0;3;3.0;20.0;10.0;4.0;6;6.0;Bajo;36.3
E0400;Consultas Ambulatorias;Médico;29;F;Reemplazo;Diurna;141;1.0;0;2.0;20.0;11.0;8.0;8;6.0;Bajo;35.4
E0401;Enfermería Hospitalizados;Enfermera;35;F;Reemplazo;Diurna;140;0.0;2;1.0;20.0;4.0;6.0;5;4.0;Bajo;37.6
E0402;Enfermería Hospitalizados;Enfermera;28;F;Full time;Rotativa;165;20.0;3;0.0;20.0;12.0;6.0;5;6.0;Bajo;36.3
E0403;Enfermería Hospitalizados;TENS;31;F;Full time;Nocturna;169;14.0;2;1.0;20.0;13.0;6.0;7;7.0;Bajo;32.2
E0404;Urgencias;Administrativo;50;M;Full time;Nocturna;172;16.0;10;5.0;20.0;10.0;9.0;6;8.0;Medio;47.4
E0405;Urgencias;Administrativo;54;F;Full time;Diurna;151;18.0;9;0.0;20.0;15.0;6.0;4;8.0;Bajo;30.1
E0406;Urgencias;Administrativo;29;F;Full time;Diurna;161;40.0;9;2.0;20.0;9.0;9.0;4;7.0;Medio;58.6
E0407;Enfermería Hospitalizados;Enfermera;50;F;Full time;Diurna;171;18.0;1;1.0;20.0;7.0;3.0;5;8.0;Bajo;30.8
E0408;Administración;Asistente;46;F;Reemplazo;Diurna;134;1.0;2;1.0;20.0;15.0;7.0;7;5.0;Bajo;28.7
E0409;Administración;Jefatura;25;M;Part time;Diurna;89;11.0;0;4.0;20.0;16.0;6.0;6;7.0;Bajo;30.7
E0410;UCI;Enfermera;45;M;Full time;Nocturna;167;12.0;6;6.0;20.0;3.0;8.0;8;7.0;Medio;51.8
E0411;Consultas Ambulatorias;TENS;42;F;Reemplazo;Diurna;150;13.0;1;3.0;20.0;15.0;6.0;8;6.0;Bajo;32.8
E0412;Enfermería Hospitalizados;TENS;38;M;Full time;Diurna;179;1.0;2;4.0;20.0;13.0;7.0;9;7.0;Bajo;31.5
E0413;Consultas Ambulatorias;Médico;37;M;Full time;Diurna;167;8.0;0;1.0;20.0;12.0;8.0;6;4.0;Bajo;39.1
E0414;Enfermería Hospitalizados;Enfermera;60;M;Full time;Rotativa;153;11.0;2;0.0;20.0;10.0;7.0;9;7.0;Bajo;35.5
E0415;Servicios Generales;Auxiliar;33;F;Full time;Nocturna;164;11.0;3;3.0;20.0;10.0;7.0;5;7.0;Bajo;38.5
E0416;Urgencias;TENS;32;M;Full time;Diurna;154;19.0;13;1.0;20.0;10.0;7.0;7;4.0;Medio;43.8
E0417;Servicios Generales;Operario;38;M;Full time;Rotativa;156;17.0;1;3.0;20.0;19.0;6.0;10;7.0;Bajo;29.7
E0418;Imagenología;Tecnólogo Médico;33;F;Full time;Diurna;159;3.0;2;3.0;20.0;20.0;5.0;4;8.0;Bajo;17.8
E0419;Enfermería Hospitalizados;Enfermera;57;F;Part time;Diurna;100;5.0;3;2.0;20.0;14.0;6.0;7;4.0;Bajo;31.1
E0420;UCI;Médico;58;F;Part time;Rotativa;100;29.0;7;1.0;20.0;7.0;7.0;6;5.0;Medio;50.7
E0421;UCI;Enfermera;58;M;Full time;Rotativa;170;14.0;8;2.0;20.0;9.0;7.0;7;6.0;Medio;41.1
E0422;Enfermería Hospitalizados;Enfermera;25;F;Part time;Rotativa;99;1.0;3;0.0;20.0;9.0;6.0;4;5.0;Bajo;30.9
E0423;Consultas Ambulatorias;Médico;24;M;Part time;Diurna;90;5.0;0;2.0;20.0;19.0;5.0;3;8.0;Bajo;18.8
E0424;Enfermería Hospitalizados;Enfermera;60;F;Full time;Rotativa;162;9.0;2;2.0;20.0;18.0;3.0;6;7.0;Bajo;17.4
E0425;Administración;Asistente;48;M;Full time;Diurna;149;6.0;1;5.0;20.0;4.0;5.0;7;7.0;Bajo;38.4
E0426;Enfermería Hospitalizados;Enfermera;44;F;Part time;Nocturna;107;12.0;4;1.0;20.0;10.0;7.0;5;7.0;Bajo;37.0
E0427;Enfermería Hospitalizados;TENS;29;M;Full time;Diurna;189;5.0;2;2.0;20.0;16.0;7.0;9;7.0;Bajo;28.5
E0428;Enfermería Hospitalizados;TENS;52;M;Full time;Nocturna;166;10.0;1;2.0;20.0;20.0;6.0;6;9.0;Bajo;22.0
E0429;Laboratorio;Técnico;32;F;Part time;Rotativa;108;14.0;1;0.0;20.0;12.0;4.0;5;5.0;Bajo;28.9
E0430;Urgencias;Médico;22;F;Full time;Diurna;164;20.0;3;4.0;20.0;6.0;8.0;5;4.0;Medio;54.1
E0431;Imagenología;Tecnólogo Médico;32;F;Full time;Rotativa;146;16.0;5;7.0;20.0;9.0;7.0;6;8.0;Medio;44.9
E0432;Administración;Asistente;60;F;Full time;Diurna;165;10.0;0;0.0;20.0;13.0;3.0;5;9.0;Bajo;18.7
E0433;Consultas Ambulatorias;Administrativo;23;F;Full time;Diurna;155;2.0;1;2.0;20.0;10.0;5.0;5;5.0;Bajo;29.7
E0434;Consultas Ambulatorias;Administrativo;39;M;Part time;Diurna;98;4.0;0;0.0;20.0;12.0;8.0;5;7.0;Bajo;32.8
E0435;Enfermería Hospitalizados;Enfermera;54;M;Full time;Diurna;159;10.0;3;0.0;20.0;10.0;7.0;6;8.0;Bajo;33.9
E0436;Urgencias;TENS;40;M;Full time;Rotativa;165;20.0;10;1.0;20.0;10.0;6.0;4;6.0;Bajo;39.3
E0437;Servicios Generales;Supervisor;27;F;Reemplazo;Diurna;132;9.0;1;0.0;20.0;12.0;7.0;5;7.0;Bajo;32.5
E0438;Enfermería Hospitalizados;TENS;59;M;Full time;Rotativa;158;9.0;4;0.0;20.0;18.0;5.0;7;7.0;Bajo;20.9
E0439;Consultas Ambulatorias;Médico;31;F;Full time;Diurna;141;6.0;0;2.0;20.0;14.0;5.0;6;4.0;Bajo;28.8
E0440;Enfermería Hospitalizados;Enfermera;38;M;Full time;Diurna;170;7.0;2;4.0;20.0;12.0;5.0;6;9.0;Bajo;27.7
E0441;Consultas Ambulatorias;TENS;31;M;Full time;Rotativa;154;5.0;0;5.0;20.0;17.0;6.0;9;4.0;Bajo;31.1
E0442;Urgencias;Administrativo;41;M;Full time;Diurna;156;7.0;12;0.0;20.0;15.0;6.0;6;5.0;Bajo;27.9
E0443;Administración;Asistente;43;M;Part time;Diurna;106;4.0;0;0.0;20.0;12.0;5.0;9;6.0;Bajo;25.6
E0444;Enfermería Hospitalizados;TENS;29;F;Full time;Diurna;178;11.0;3;0.0;20.0;13.0;8.0;7;10.0;Bajo;31.9
E0445;Enfermería Hospitalizados;TENS;35;F;Part time;Rotativa;85;9.0;0;3.0;20.0;15.0;7.0;3;6.0;Bajo;33.6
E0446;Servicios Generales;Supervisor;41;F;Full time;Diurna;167;10.0;0;5.0;20.0;15.0;4.0;6;7.0;Bajo;26.7
E0447;Enfermería Hospitalizados;TENS;30;M;Full time;Diurna;158;6.0;0;1.0;20.0;13.0;8.0;8;6.0;Bajo;34.9
E0448;Laboratorio;Tecnólogo Médico;41;F;Full time;Rotativa;164;7.0;3;1.0;20.0;13.0;5.0;7;8.0;Bajo;24.8
E0449;Enfermería Hospitalizados;Enfermera;54;M;Reemplazo;Rotativa;157;7.0;1;1.0;20.0;14.0;5.0;8;7.0;Bajo;24.9
E0450;UCI;Enfermera;52;F;Full time;Diurna;161;34.0;3;4.0;20.0;8.0;5.0;5;7.0;Medio;47.4
E0451;Laboratorio;Tecnólogo Médico;36;F;Full time;Diurna;157;17.0;6;1.0;20.0;11.0;7.0;5;9.0;Bajo;36.3
E0452;Enfermería Hospitalizados;Enfermera;50;F;Part time;Diurna;88;16.0;6;3.0;20.0;13.0;7.0;5;8.0;Bajo;36.9
E0453;Laboratorio;Tecnólogo Médico;36;F;Reemplazo;Diurna;144;6.0;4;0.0;20.0;8.0;9.0;6;8.0;Bajo;39.4
E0454;Enfermería Hospitalizados;Enfermera;41;F;Full time;Nocturna;162;8.0;4;3.0;20.0;13.0;4.0;6;8.0;Bajo;24.6
E0455;Enfermería Hospitalizados;Enfermera;51;F;Part time;Diurna;100;16.0;5;3.0;20.0;15.0;5.0;6;6.0;Bajo;31.6
E0456;Urgencias;Médico;44;F;Full time;Nocturna;160;11.0;6;0.0;20.0;14.0;10.0;4;7.0;Bajo;39.8
E0457;Imagenología;Administrativo;34;F;Full time;Diurna;171;21.0;1;1.0;20.0;10.0;7.0;8;4.0;Medio;44.8
E0458;Laboratorio;Bioquímico;59;F;Reemplazo;Diurna;134;6.0;7;1.0;20.0;15.0;6.0;5;8.0;Bajo;25.1
E0459;Urgencias;Médico;36;F;Part time;Diurna;93;20.0;5;5.0;20.0;12.0;9.0;6;5.0;Medio;50.8
E0460;Urgencias;Enfermera;39;F;Full time;Nocturna;159;7.0;7;2.0;20.0;17.0;9.0;6;5.0;Bajo;36.3
E0461;UCI;Enfermera;56;M;Part time;Nocturna;97;14.0;2;3.0;20.0;14.0;7.0;6;9.0;Bajo;33.8
E0462;Enfermería Hospitalizados;TENS;30;F;Part time;Diurna;114;17.0;2;2.0;20.0;13.0;8.0;5;5.0;Medio;42.5
E0463;Consultas Ambulatorias;TENS;40;M;Full time;Diurna;161;9.0;0;0.0;20.0;12.0;5.0;2;4.0;Bajo;30.3
E0464;Enfermería Hospitalizados;TENS;46;F;Full time;Nocturna;172;0.0;3;1.0;20.0;9.0;6.0;6;7.0;Bajo;29.2
E0465;Urgencias;TENS;59;F;Reemplazo;Diurna;134;6.0;9;1.0;20.0;3.0;7.0;6;3.0;Medio;45.4
E0466;Urgencias;Administrativo;48;F;Part time;Rotativa;94;14.0;7;1.0;20.0;9.0;7.0;5;5.0;Medio;41.2
E0467;Consultas Ambulatorias;TENS;49;F;Full time;Rotativa;152;15.0;1;0.0;20.0;17.0;7.0;7;6.0;Bajo;31.6
E0468;Laboratorio;Tecnólogo Médico;43;M;Full time;Diurna;169;8.0;0;0.0;20.0;12.0;6.0;6;6.0;Bajo;30.3
E0469;Enfermería Hospitalizados;TENS;26;F;Full time;Diurna;151;23.0;2;2.0;20.0;19.0;6.0;7;7.0;Bajo;31.7
E0470;Enfermería Hospitalizados;TENS;27;F;Full time;Diurna;137;10.0;1;2.0;20.0;7.0;5.0;8;5.0;Bajo;36.7
E0471;Urgencias;TENS;36;M;Full time;Diurna;150;20.0;8;1.0;20.0;12.0;6.0;4;5.0;Bajo;38.4
E0472;Imagenología;TENS;31;M;Full time;Diurna;174;24.0;3;0.0;20.0;12.0;8.0;5;6.0;Medio;43.9
E0473;Urgencias;TENS;43;M;Part time;Nocturna;102;13.0;7;0.0;20.0;5.0;8.0;7;4.0;Medio;47.6
E0474;Enfermería Hospitalizados;TENS;38;M;Full time;Rotativa;150;12.0;3;5.0;20.0;11.0;3.0;5;5.0;Bajo;31.1
E0475;Urgencias;TENS;34;F;Full time;Diurna;178;22.0;4;1.0;20.0;19.0;6.0;3;6.0;Bajo;31.3
E0476;Urgencias;Médico;38;M;Full time;Diurna;161;14.0;0;4.0;20.0;3.0;7.0;6;4.0;Medio;51.3
E0477;Enfermería Hospitalizados;Enfermera;33;F;Full time;Nocturna;155;16.0;2;1.0;20.0;9.0;9.0;7;5.0;Medio;47.8
E0478;Urgencias;Enfermera;25;F;Part time;Diurna;103;23.0;4;0.0;20.0;16.0;7.0;6;7.0;Bajo;35.5
E0479;Laboratorio;Tecnólogo Médico;54;F;Reemplazo;Rotativa;155;10.0;3;3.0;20.0;15.0;5.0;7;6.0;Bajo;28.6
E0480;Enfermería Hospitalizados;TENS;45;F;Full time;Diurna;163;18.0;5;2.0;20.0;15.0;7.0;5;8.0;Bajo;34.9
E0481;Enfermería Hospitalizados;Enfermera;37;F;Full time;Nocturna;157;12.0;2;2.0;20.0;10.0;7.0;7;7.0;Bajo;38.0
E0482;Servicios Generales;Auxiliar;28;F;Full time;Diurna;170;13.0;2;2.0;20.0;16.0;9.0;7;5.0;Medio;40.3
E0483;Servicios Generales;Supervisor;47;F;Full time;Diurna;165;11.0;2;5.0;20.0;16.0;3.0;8;8.0;Bajo;22.3
E0484;Enfermería Hospitalizados;TENS;30;M;Reemplazo;Rotativa;146;17.0;4;1.0;20.0;7.0;5.0;8;6.0;Bajo;38.1
E0485;Urgencias;Enfermera;53;F;Full time;Diurna;163;21.0;8;1.0;20.0;7.0;9.0;3;5.0;Medio;52.3
E0486;Servicios Generales;Supervisor;44;M;Full time;Nocturna;182;8.0;0;1.0;20.0;20.0;7.0;7;8.0;Bajo;23.9
E0487;Administración;Jefatura;54;F;Full time;Diurna;154;11.0;0;2.0;20.0;14.0;7.0;5;8.0;Bajo;32.4
E0488;Enfermería Hospitalizados;TENS;48;M;Full time;Nocturna;152;20.0;4;4.0;20.0;13.0;9.0;5;6.0;Medio;47.7
E0489;Imagenología;Tecnólogo Médico;22;F;Reemplazo;Diurna;141;12.0;0;0.0;20.0;10.0;8.0;7;6.0;Bajo;39.9
E0490;Enfermería Hospitalizados;Enfermera;39;M;Part time;Rotativa;101;13.0;0;3.0;20.0;11.0;6.0;6;7.0;Bajo;35.7
E0491;Servicios Generales;Supervisor;46;F;Full time;Diurna;151;19.0;0;4.0;20.0;12.0;4.0;7;5.0;Bajo;35.4
E0492;Urgencias;Administrativo;55;M;Part time;Rotativa;101;9.0;5;1.0;20.0;13.0;7.0;4;6.0;Bajo;33.6
E0493;Consultas Ambulatorias;Administrativo;53;F;Full time;Diurna;165;10.0;1;3.0;20.0;12.0;9.0;6;7.0;Medio;41.6
E0494;Consultas Ambulatorias;Médico;26;F;Full time;Diurna;173;12.0;0;3.0;20.0;15.0;8.0;7;8.0;Bajo;35.7
E0495;Consultas Ambulatorias;Administrativo;31;M;Reemplazo;Diurna;163;10.0;0;1.0;20.0;17.0;7.0;5;5.0;Bajo;31.2
E0496;Laboratorio;Bioquímico;49;M;Full time;Nocturna;161;14.0;6;0.0;20.0;8.0;5.0;4;9.0;Bajo;31.2
E0497;Urgencias;Administrativo;40;F;Part time;Nocturna;87;12.0;3;1.0;20.0;9.0;8.0;6;6.0;Medio;41.9
E0498;Servicios Generales;Operario;50;M;Full time;Diurna;156;22.0;1;2.0;20.0;13.0;7.0;8;6.0;Medio;41.1
E0499;Consultas Ambulatorias;Administrativo;40;M;Full time;Nocturna;165;5.0;0;0.0;20.0;9.0;7.0;5;8.0;Bajo;32.4
E0500;Administración;Analista;33;M;Full time;Diurna;168;4.0;1;1.0;20.0;13.0;6.0;5;7.0;Bajo;27.2
E0501;Enfermería Hospitalizados;TENS;28;M;Full time;Diurna;163;8.0;6;2.0;20.0;10.0;4.0;8;6.0;Bajo;28.8
E0502;Laboratorio;Tecnólogo Médico;31;F;Full time;Rotativa;138;11.0;5;6.0;20.0;12.0;4.0;8;8.0;Bajo;30.1
E0503;Urgencias;TENS;27;F;Full time;Diurna;167;21.0;5;0.0;20.0;10.0;6.0;6;7.0;Bajo;37.7
E0504;Enfermería Hospitalizados;Enfermera;55;F;Part time;Diurna;107;0.0;0;1.0;20.0;20.0;5.0;5;9.0;Bajo;13.2
E0505;Laboratorio;Bioquímico;56;F;Full time;Diurna;164;19.0;2;4.0;20.0;18.0;4.0;5;8.0;Bajo;26.1
E0506;Consultas Ambulatorias;Administrativo;34;M;Part time;Diurna;81;13.0;0;1.0;20.0;15.0;6.0;8;4.0;Bajo;33.1
E0507;Imagenología;Administrativo;24;M;Part time;Diurna;85;9.0;0;0.0;20.0;12.0;6.0;10;7.0;Bajo;29.7
E0508;Consultas Ambulatorias;TENS;37;F;Reemplazo;Diurna;152;9.0;0;1.0;20.0;13.0;9.0;4;4.0;Medio;41.4
E0509;Enfermería Hospitalizados;Enfermera;40;F;Part time;Diurna;95;19.0;5;1.0;20.0;18.0;3.0;8;5.0;Bajo;23.6
E0510;Urgencias;Médico;50;F;Full time;Rotativa;153;21.0;7;3.0;20.0;1.0;9.0;5;5.0;Medio;60.3
E0511;Consultas Ambulatorias;Médico;27;M;Full time;Nocturna;148;10.0;1;4.0;20.0;9.0;5.0;7;6.0;Bajo;35.6
E0512;Imagenología;TENS;37;M;Part time;Diurna;92;9.0;7;0.0;20.0;13.0;5.0;5;7.0;Bajo;25.9
E0513;Servicios Generales;Supervisor;28;F;Reemplazo;Rotativa;149;18.0;1;0.0;20.0;9.0;7.0;9;6.0;Medio;41.1
E0514;Imagenología;Administrativo;29;M;Full time;Diurna;150;5.0;2;0.0;20.0;13.0;4.0;8;8.0;Bajo;20.1
E0515;Urgencias;TENS;44;F;Part time;Diurna;99;18.0;5;4.0;20.0;3.0;8.0;7;7.0;Medio;52.8
E0516;Enfermería Hospitalizados;Enfermera;31;M;Full time;Diurna;169;1.0;6;1.0;20.0;16.0;7.0;7;6.0;Bajo;26.6
E0517;Enfermería Hospitalizados;Enfermera;50;M;Part time;Rotativa;108;8.0;1;2.0;20.0;16.0;6.0;8;7.0;Bajo;27.2
E0518;UCI;Enfermera;29;M;Full time;Diurna;165;20.0;9;3.0;20.0;4.0;7.0;3;7.0;Medio;49.0
E0519;Laboratorio;Bioquímico;42;M;Full time;Diurna;154;0.0;0;5.0;20.0;20.0;5.0;8;7.0;Bajo;19.4
E0520;UCI;TENS;36;F;Reemplazo;Rotativa;152;13.0;7;2.0;20.0;17.0;4.0;7;5.0;Bajo;25.4
E0521;UCI;TENS;43;F;Full time;Nocturna;156;11.0;5;3.0;20.0;7.0;8.0;7;5.0;Medio;46.5
E0522;Imagenología;Tecnólogo Médico;29;M;Reemplazo;Rotativa;126;10.0;5;4.0;20.0;15.0;5.0;6;6.0;Bajo;29.6
E0523;Enfermería Hospitalizados;TENS;60;F;Part time;Nocturna;99;11.0;2;0.0;20.0;20.0;7.0;5;10.0;Bajo;22.2
E0524;Imagenología;TENS;26;F;Full time;Nocturna;169;10.0;0;0.0;20.0;14.0;5.0;6;7.0;Bajo;25.4
E0525;Enfermería Hospitalizados;Enfermera;46;F;Full time;Diurna;159;23.0;4;5.0;20.0;8.0;3.0;7;7.0;Bajo;37.4
E0526;Urgencias;TENS;52;M;Full time;Diurna;165;22.0;0;1.0;20.0;3.0;9.0;7;4.0;Medio;57.9
E0527;Urgencias;Enfermera;40;F;Full time;Rotativa;145;18.0;2;0.0;20.0;6.0;8.0;4;4.0;Medio;49.1
E0528;Imagenología;Tecnólogo Médico;50;M;Full time;Nocturna;157;6.0;2;4.0;20.0;13.0;7.0;7;7.0;Bajo;34.0
E0529;Servicios Generales;Auxiliar;50;F;Full time;Nocturna;141;15.0;5;0.0;20.0;13.0;6.0;8;3.0;Bajo;36.2
E0530;Enfermería Hospitalizados;Enfermera;36;F;Full time;Diurna;174;10.0;1;2.0;20.0;20.0;7.0;7;8.0;Bajo;25.9
E0531;Urgencias;Enfermera;45;M;Full time;Nocturna;173;8.0;5;1.0;20.0;13.0;8.0;4;6.0;Bajo;35.9
E0532;UCI;TENS;38;M;Full time;Rotativa;147;29.0;10;3.0;20.0;6.0;7.0;6;4.0;Medio;54.8
E0533;Consultas Ambulatorias;Administrativo;40;F;Full time;Nocturna;154;5.0;1;3.0;20.0;16.0;6.0;3;4.0;Bajo;30.1
E0534;Imagenología;Tecnólogo Médico;58;M;Part time;Nocturna;97;12.0;3;3.0;20.0;17.0;4.0;6;6.0;Bajo;24.8
E0535;Enfermería Hospitalizados;Enfermera;24;M;Reemplazo;Nocturna;138;15.0;1;0.0;20.0;20.0;7.0;7;5.0;Bajo;29.7
E0536;Administración;Analista;57;M;Full time;Diurna;149;7.0;0;4.0;20.0;10.0;5.0;8;4.0;Bajo;35.3
E0537;Consultas Ambulatorias;Médico;48;F;Full time;Rotativa;165;7.0;0;4.0;20.0;16.0;7.0;8;6.0;Bajo;32.6
E0538;Enfermería Hospitalizados;Enfermera;46;M;Part time;Diurna;109;19.0;1;1.0;20.0;20.0;6.0;8;10.0;Bajo;24.4
E0539;Enfermería Hospitalizados;TENS;32;F;Full time;Diurna;147;12.0;4;2.0;20.0;13.0;3.0;5;7.0;Bajo;23.9
E0540;Consultas Ambulatorias;Administrativo;45;M;Part time;Rotativa;107;14.0;2;1.0;20.0;13.0;7.0;7;8.0;Bajo;33.9
E0541;Consultas Ambulatorias;TENS;50;F;Full time;Diurna;136;8.0;1;1.0;20.0;11.0;3.0;7;9.0;Bajo;20.7
E0542;Imagenología;Administrativo;53;F;Full time;Diurna;152;9.0;2;1.0;20.0;11.0;6.0;6;4.0;Bajo;35.1
E0543;Urgencias;Médico;41;F;Full time;Diurna;150;32.0;7;0.0;20.0;15.0;8.0;6;5.0;Medio;46.0
E0544;Administración;Analista;34;M;Full time;Nocturna;164;7.0;1;1.0;20.0;12.0;7.0;6;4.0;Bajo;35.8
E0545;Consultas Ambulatorias;TENS;27;F;Full time;Diurna;169;12.0;2;2.0;20.0;12.0;4.0;5;6.0;Bajo;28.8
E0546;Enfermería Hospitalizados;TENS;34;F;Full time;Rotativa;155;16.0;1;0.0;20.0;14.0;8.0;8;7.0;Bajo;36.8
E0547;Administración;Jefatura;27;F;Full time;Rotativa;151;5.0;2;3.0;20.0;9.0;8.0;6;8.0;Bajo;38.2
E0548;Laboratorio;Técnico;33;F;Full time;Diurna;155;12.0;5;1.0;20.0;18.0;8.0;9;7.0;Bajo;31.8
E0549;Consultas Ambulatorias;TENS;49;F;Part time;Diurna;102;11.0;2;3.0;20.0;9.0;8.0;9;7.0;Medio;42.3
E0550;Enfermería Hospitalizados;TENS;50;F;Reemplazo;Diurna;129;22.0;6;0.0;20.0;14.0;5.0;7;7.0;Bajo;31.4
E0551;Urgencias;Médico;30;M;Part time;Diurna;108;18.0;5;3.0;20.0;6.0;6.0;3;4.0;Medio;46.6
E0552;UCI;Médico;42;F;Full time;Nocturna;150;12.0;4;0.0;20.0;8.0;8.0;7;6.0;Medio;41.9
E0553;Consultas Ambulatorias;TENS;40;F;Part time;Nocturna;87;1.0;0;1.0;20.0;16.0;7.0;6;8.0;Bajo;24.4
E0554;Administración;Jefatura;31;M;Full time;Rotativa;172;8.0;1;1.0;20.0;16.0;5.0;8;5.0;Bajo;25.7
E0555;Administración;Asistente;50;F;Full time;Diurna;165;10.0;3;0.0;20.0;18.0;7.0;4;6.0;Bajo;28.1
E0556;UCI;Enfermera;55;F;Reemplazo;Nocturna;157;9.0;2;1.0;20.0;5.0;4.0;5;7.0;Bajo;32.2
E0557;Servicios Generales;Operario;56;M;Full time;Rotativa;159;12.0;8;3.0;20.0;20.0;6.0;6;5.0;Bajo;28.4
E0558;Servicios Generales;Auxiliar;34;M;Part time;Diurna;92;22.0;0;4.0;20.0;16.0;10.0;5;3.0;Medio;51.8
E0559;Enfermería Hospitalizados;TENS;59;F;Full time;Nocturna;160;22.0;3;1.0;20.0;11.0;7.0;5;9.0;Bajo;38.8
E0560;Laboratorio;Técnico;54;F;Full time;Rotativa;165;17.0;5;3.0;20.0;20.0;8.0;7;5.0;Bajo;36.5
E0561;Enfermería Hospitalizados;Enfermera;29;M;Full time;Rotativa;158;1.0;0;1.0;20.0;7.0;5.0;6;5.0;Bajo;31.2
E0562;UCI;Enfermera;33;F;Full time;Diurna;147;21.0;3;0.0;20.0;6.0;6.0;5;3.0;Medio;46.2
E0563;Urgencias;Enfermera;51;F;Part time;Diurna;105;22.0;5;0.0;20.0;7.0;7.0;6;3.0;Medio;48.4
E0564;Enfermería Hospitalizados;Enfermera;27;F;Reemplazo;Diurna;133;18.0;5;0.0;20.0;9.0;10.0;9;6.0;Medio;49.4
E0565;Urgencias;Administrativo;26;M;Full time;Nocturna;146;9.0;6;1.0;20.0;3.0;7.0;5;8.0;Medio;41.4
E0566;Enfermería Hospitalizados;Enfermera;29;M;Full time;Rotativa;155;4.0;2;3.0;20.0;19.0;7.0;4;8.0;Bajo;24.9
E0567;Consultas Ambulatorias;TENS;60;F;Reemplazo;Diurna;150;2.0;0;0.0;20.0;10.0;4.0;9;6.0;Bajo;23.8
E0568;Consultas Ambulatorias;TENS;60;F;Full time;Rotativa;153;12.0;1;0.0;20.0;13.0;6.0;7;7.0;Bajo;30.2
E0569;Administración;Asistente;58;F;Full time;Diurna;158;11.0;0;2.0;20.0;7.0;6.0;7;7.0;Bajo;37.7
E0570;Imagenología;Administrativo;35;M;Full time;Diurna;170;20.0;1;3.0;20.0;9.0;6.0;7;6.0;Medio;42.3
E0571;Servicios Generales;Auxiliar;54;M;Full time;Diurna;140;3.0;2;0.0;20.0;15.0;6.0;8;4.0;Bajo;27.1
E0572;Consultas Ambulatorias;Administrativo;54;F;Reemplazo;Diurna;140;8.0;1;4.0;20.0;19.0;8.0;8;10.0;Bajo;28.4
E0573;Servicios Generales;Operario;35;M;Full time;Rotativa;174;15.0;3;3.0;20.0;20.0;6.0;6;8.0;Bajo;26.6
E0574;Urgencias;Enfermera;57;M;Full time;Diurna;163;14.0;6;1.0;20.0;16.0;7.0;7;5.0;Bajo;34.2
E0575;UCI;Médico;43;M;Reemplazo;Nocturna;132;5.0;7;0.0;20.0;12.0;8.0;6;5.0;Bajo;35.5
E0576;UCI;TENS;44;M;Full time;Nocturna;163;19.0;7;3.0;20.0;3.0;8.0;8;2.0;Medio;57.8
E0577;Administración;Jefatura;22;F;Full time;Diurna;170;13.0;0;4.0;20.0;17.0;5.0;6;9.0;Bajo;25.7
E0578;Consultas Ambulatorias;TENS;35;M;Full time;Nocturna;181;5.0;1;5.0;20.0;10.0;6.0;8;3.0;Bajo;39.2
E0579;Urgencias;TENS;36;F;Full time;Rotativa;173;37.0;2;1.0;20.0;11.0;7.0;5;7.0;Medio;48.5
E0580;Administración;Analista;34;F;Part time;Nocturna;84;11.0;2;3.0;20.0;14.0;4.0;9;7.0;Bajo;26.2
E0581;Enfermería Hospitalizados;TENS;28;F;Part time;Diurna;98;19.0;1;2.0;20.0;15.0;7.0;6;6.0;Bajo;37.6
E0582;Enfermería Hospitalizados;TENS;39;F;Full time;Diurna;173;0.0;3;3.0;20.0;14.0;8.0;6;6.0;Bajo;32.9
E0583;Consultas Ambulatorias;Médico;39;M;Part time;Diurna;106;8.0;1;3.0;20.0;10.0;7.0;6;8.0;Bajo;35.9
E0584;Servicios Generales;Supervisor;30;M;Full time;Nocturna;163;7.0;4;3.0;20.0;11.0;6.0;7;7.0;Bajo;32.7
E0585;Administración;Analista;56;M;Full time;Diurna;162;7.0;1;0.0;20.0;11.0;6.0;9;6.0;Bajo;30.8
E0586;Consultas Ambulatorias;Médico;44;F;Part time;Nocturna;94;3.0;0;0.0;20.0;17.0;4.0;6;8.0;Bajo;15.1
E0587;Urgencias;Médico;45;M;Reemplazo;Rotativa;160;14.0;5;3.0;20.0;9.0;8.0;8;7.0;Medio;43.8
E0588;Servicios Generales;Auxiliar;25;M;Full time;Diurna;162;20.0;0;4.0;20.0;20.0;5.0;5;6.0;Bajo;29.6
E0589;Servicios Generales;Operario;42;M;Full time;Diurna;143;2.0;7;6.0;20.0;9.0;6.0;5;6.0;Bajo;36.3
E0590;Urgencias;TENS;26;F;Full time;Nocturna;148;12.0;0;1.0;20.0;0.0;8.0;5;5.0;Medio;52.0
E0591;Enfermería Hospitalizados;TENS;49;M;Full time;Nocturna;182;18.0;2;1.0;20.0;12.0;9.0;6;8.0;Medio;42.4
E0592;Consultas Ambulatorias;Administrativo;49;F;Full time;Rotativa;148;8.0;0;2.0;20.0;14.0;8.0;5;6.0;Bajo;35.9
E0593;Administración;Asistente;40;F;Full time;Nocturna;172;14.0;0;0.0;20.0;17.0;5.0;7;10.0;Bajo;21.1
E0594;Enfermería Hospitalizados;Enfermera;57;M;Reemplazo;Diurna;137;17.0;2;5.0;20.0;20.0;6.0;6;6.0;Bajo;31.8
E0595;Urgencias;Administrativo;48;M;Full time;Nocturna;170;26.0;8;1.0;20.0;0.0;7.0;5;4.0;Medio;57.3
E0596;Urgencias;Administrativo;44;F;Full time;Rotativa;148;11.0;7;0.0;20.0;9.0;6.0;8;6.0;Bajo;34.8
E0597;Administración;Analista;40;F;Full time;Diurna;149;3.0;3;2.0;20.0;19.0;5.0;5;5.0;Bajo;21.2
E0598;Consultas Ambulatorias;TENS;57;F;Full time;Rotativa;155;8.0;1;3.0;20.0;18.0;7.0;4;6.0;Bajo;30.1
E0599;Consultas Ambulatorias;Administrativo;39;F;Full time;Nocturna;159;8.0;0;2.0;20.0;10.0;4.0;6;9.0;Bajo;25.4
E0600;Laboratorio;Técnico;25;F;Full time;Rotativa;168;0.0;5;0.0;20.0;10.0;7.0;7;8.0;Bajo;28.9
